--
-- PostgreSQL database dump
--

-- Dumped from database version 10.4 (Debian 10.4-2.pgdg90+1)
-- Dumped by pg_dump version 10.4

SET statement_timeout = 0;
SET lock_timeout = 0;
SET idle_in_transaction_session_timeout = 0;
SET client_encoding = 'UTF8';
SET standard_conforming_strings = on;
SELECT pg_catalog.set_config('search_path', '', false);
SET check_function_bodies = false;
SET client_min_messages = warning;
SET row_security = off;

SET default_tablespace = '';

SET default_with_oids = false;

--
-- Name: bookings; Type: TABLE; Schema: public; Owner: staycation
--

CREATE TABLE public.bookings (
    id integer NOT NULL,
    date date NOT NULL,
    user_id integer NOT NULL,
    room_id integer NOT NULL
);


ALTER TABLE public.bookings OWNER TO staycation;

--
-- Name: bookings_id_seq; Type: SEQUENCE; Schema: public; Owner: staycation
--

CREATE SEQUENCE public.bookings_id_seq
    AS integer
    START WITH 1
    INCREMENT BY 1
    NO MINVALUE
    NO MAXVALUE
    CACHE 1;


ALTER TABLE public.bookings_id_seq OWNER TO staycation;

--
-- Name: bookings_id_seq; Type: SEQUENCE OWNED BY; Schema: public; Owner: staycation
--

ALTER SEQUENCE public.bookings_id_seq OWNED BY public.bookings.id;


--
-- Name: hotels; Type: TABLE; Schema: public; Owner: staycation
--

CREATE TABLE public.hotels (
    id integer NOT NULL,
    name text NOT NULL,
    stars integer NOT NULL,
    preview text NOT NULL,
    picture_id text NOT NULL
);


ALTER TABLE public.hotels OWNER TO staycation;

--
-- Name: openings; Type: TABLE; Schema: public; Owner: staycation
--

CREATE TABLE public.openings (
    id integer NOT NULL,
    sale_id integer NOT NULL,
    room_id integer NOT NULL,
    date date NOT NULL,
    stock integer NOT NULL,
    price double precision NOT NULL,
    discount_price double precision NOT NULL
);


ALTER TABLE public.openings OWNER TO staycation;

--
-- Name: reviews; Type: TABLE; Schema: public; Owner: staycation
--

CREATE TABLE public.reviews (
    id integer NOT NULL,
    hotel_id integer NOT NULL,
    user_id integer NOT NULL,
    score double precision NOT NULL
);


ALTER TABLE public.reviews OWNER TO staycation;

--
-- Name: reviews_id_seq; Type: SEQUENCE; Schema: public; Owner: staycation
--

CREATE SEQUENCE public.reviews_id_seq
    AS integer
    START WITH 1
    INCREMENT BY 1
    NO MINVALUE
    NO MAXVALUE
    CACHE 1;


ALTER TABLE public.reviews_id_seq OWNER TO staycation;

--
-- Name: reviews_id_seq; Type: SEQUENCE OWNED BY; Schema: public; Owner: staycation
--

ALTER SEQUENCE public.reviews_id_seq OWNED BY public.reviews.id;


--
-- Name: rooms; Type: TABLE; Schema: public; Owner: staycation
--

CREATE TABLE public.rooms (
    id integer NOT NULL,
    name text NOT NULL,
    hotel_id integer NOT NULL
);


ALTER TABLE public.rooms OWNER TO staycation;

--
-- Name: sale_dates; Type: TABLE; Schema: public; Owner: staycation
--

CREATE TABLE public.sale_dates (
    id integer NOT NULL,
    start_date timestamp without time zone NOT NULL,
    end_date timestamp without time zone NOT NULL,
    bookable_days date[]
);


ALTER TABLE public.sale_dates OWNER TO staycation;

--
-- Name: users; Type: TABLE; Schema: public; Owner: staycation
--

CREATE TABLE public.users (
    id integer NOT NULL,
    first_name text NOT NULL
);


ALTER TABLE public.users OWNER TO staycation;

--
-- Name: users_id_seq; Type: SEQUENCE; Schema: public; Owner: staycation
--

CREATE SEQUENCE public.users_id_seq
    AS integer
    START WITH 1
    INCREMENT BY 1
    NO MINVALUE
    NO MAXVALUE
    CACHE 1;


ALTER TABLE public.users_id_seq OWNER TO staycation;

--
-- Name: users_id_seq; Type: SEQUENCE OWNED BY; Schema: public; Owner: staycation
--

ALTER SEQUENCE public.users_id_seq OWNED BY public.users.id;


--
-- Name: bookings id; Type: DEFAULT; Schema: public; Owner: staycation
--

ALTER TABLE ONLY public.bookings ALTER COLUMN id SET DEFAULT nextval('public.bookings_id_seq'::regclass);


--
-- Name: reviews id; Type: DEFAULT; Schema: public; Owner: staycation
--

ALTER TABLE ONLY public.reviews ALTER COLUMN id SET DEFAULT nextval('public.reviews_id_seq'::regclass);


--
-- Name: users id; Type: DEFAULT; Schema: public; Owner: staycation
--

ALTER TABLE ONLY public.users ALTER COLUMN id SET DEFAULT nextval('public.users_id_seq'::regclass);


--
-- Data for Name: bookings; Type: TABLE DATA; Schema: public; Owner: staycation
--

COPY public.bookings (id, date, user_id, room_id) FROM stdin;
853	2019-12-01	3	38
854	2019-12-01	12	16
855	2019-12-01	9	117
856	2019-12-01	9	112
857	2019-12-01	17	92
858	2019-12-01	6	435
859	2019-12-01	5	92
860	2019-12-01	16	62
861	2019-12-01	15	435
862	2019-12-08	16	84
863	2019-12-08	2	116
864	2019-12-07	8	41
865	2019-12-06	12	115
866	2019-12-06	13	115
867	2019-12-07	7	41
868	2019-12-08	4	37
869	2019-12-07	13	55
870	2019-12-08	7	37
871	2019-12-08	16	76
872	2019-12-06	3	39
873	2019-12-06	8	104
874	2019-12-07	12	2
875	2019-12-08	12	117
876	2019-12-07	8	37
877	2019-12-06	7	104
878	2019-12-08	10	117
879	2019-12-06	7	38
880	2019-12-07	10	104
881	2019-12-06	10	40
882	2019-12-06	4	117
883	2019-12-06	8	104
884	2019-12-06	8	37
885	2019-12-07	1	38
886	2019-12-15	7	116
887	2019-12-13	11	37
888	2019-12-15	9	41
889	2019-12-14	15	37
890	2019-12-14	3	117
891	2019-12-15	7	87
892	2019-12-15	12	125
893	2019-12-14	2	2
894	2019-12-14	9	37
895	2019-12-14	6	281
896	2019-12-14	1	2
897	2019-12-13	5	435
898	2019-12-15	7	37
899	2019-12-15	11	16
900	2019-12-15	10	117
901	2019-12-15	11	112
902	2019-12-13	12	97
903	2019-12-15	14	110
904	2019-12-14	9	117
905	2019-12-15	6	37
906	2019-12-14	12	116
907	2019-12-14	3	115
908	2019-12-14	7	115
909	2019-12-15	15	110
910	2019-12-14	6	104
911	2019-12-14	6	104
912	2019-12-15	11	76
913	2019-12-15	12	2
914	2019-12-16	1	281
915	2019-12-20	14	116
916	2019-12-21	14	116
917	2019-12-21	15	116
918	2019-12-21	7	116
919	2019-12-20	1	33
920	2019-12-21	11	33
921	2019-12-22	7	116
922	2019-12-20	4	28
923	2019-12-20	11	116
924	2019-12-20	9	107
925	2019-12-21	7	117
926	2019-12-22	3	64
927	2019-12-22	8	281
928	2019-12-21	2	123
929	2019-12-22	9	33
930	2019-12-22	12	107
931	2019-12-22	16	98
932	2019-12-21	5	104
933	2019-12-22	2	40
934	2019-12-21	5	3
935	2019-12-23	3	92
936	2019-12-19	11	37
937	2019-12-23	11	94
938	2019-12-25	11	3
939	2019-12-25	14	122
940	2019-12-21	4	59
941	2019-12-25	7	76
942	2019-12-20	7	435
943	2019-12-25	8	125
944	2019-12-21	3	119
945	2019-12-24	7	92
946	2019-12-25	8	107
947	2019-12-22	6	28
948	2019-12-24	7	114
949	2019-12-26	10	281
950	2019-12-26	18	98
951	2019-12-23	13	84
952	2019-12-27	9	281
953	2019-12-27	7	97
954	2019-12-24	3	125
955	2019-12-28	14	97
956	2019-12-29	2	37
957	2019-12-25	14	92
958	2019-12-29	15	40
959	2019-12-28	11	115
960	2019-12-29	11	2
961	2019-12-29	1	40
962	2019-12-29	1	109
963	2019-12-29	6	107
964	2019-12-28	14	38
965	2019-12-29	8	3
966	2019-12-27	13	120
967	2019-12-30	3	37
968	2019-12-28	4	16
969	2019-12-28	3	85
970	2019-12-27	8	37
971	2019-12-28	18	38
972	2019-12-29	7	3
973	2019-12-29	17	122
974	2019-12-28	8	3
975	2019-12-29	11	40
976	2019-12-30	17	1
977	2019-12-29	3	3
978	2019-12-31	1	16
979	2019-12-31	6	16
980	2020-01-03	13	115
981	2020-01-02	8	3
982	2020-01-03	2	123
983	2020-01-04	11	115
984	2020-01-02	16	39
985	2020-01-03	17	117
986	2020-01-04	6	125
987	2020-01-03	16	124
988	2020-01-03	5	2
989	2020-01-04	1	123
990	2020-01-05	7	125
991	2020-01-04	18	38
992	2020-01-03	2	33
993	2020-01-04	3	122
994	2020-01-03	4	2
995	2020-01-03	5	92
996	2020-01-04	13	92
997	2020-01-04	2	97
998	2020-01-04	15	92
999	2020-01-04	14	54
1000	2020-01-04	3	38
1001	2020-01-03	7	114
1002	2020-01-05	11	117
1003	2020-01-04	1	16
1004	2020-01-05	8	92
1005	2020-01-04	15	281
1006	2020-01-05	13	117
1007	2020-01-04	18	2
1008	2020-01-04	17	38
1009	2020-01-05	17	92
1010	2020-01-05	16	92
1011	2020-01-05	18	117
1012	2020-01-11	11	97
1013	2020-01-11	8	61
1014	2020-01-11	9	28
1015	2020-01-10	6	107
1016	2020-01-11	5	37
1017	2020-01-12	4	16
1018	2020-01-12	1	116
1019	2020-01-10	18	92
1020	2020-01-11	16	37
1021	2020-01-10	4	116
1022	2020-01-12	15	107
1023	2020-01-11	12	3
1024	2020-01-10	7	117
1025	2020-01-10	12	92
1026	2020-01-11	9	38
1027	2020-01-11	1	64
1028	2020-01-12	2	33
1029	2020-01-09	14	92
1030	2020-01-11	13	38
1031	2020-01-11	17	84
1032	2020-01-11	8	98
1033	2020-01-11	3	117
1034	2020-01-20	3	123
1035	2020-01-19	14	54
1036	2020-01-17	11	40
1037	2020-01-17	7	40
1038	2020-01-18	17	54
1039	2020-01-17	10	41
1040	2020-01-18	17	110
1041	2020-01-19	11	40
1042	2020-01-19	6	87
1043	2020-01-17	17	3
1044	2020-01-17	16	40
1045	2020-01-16	9	107
1046	2020-01-19	7	111
1047	2020-01-19	4	28
1048	2020-01-19	4	40
1049	2020-01-18	1	110
1050	2020-01-18	5	88
1051	2020-01-19	10	92
1052	2020-01-18	16	64
1053	2020-01-19	18	92
1054	2020-01-19	5	115
1055	2020-01-24	7	37
1056	2020-01-25	4	115
1057	2020-01-25	16	117
1058	2020-01-25	18	29
1059	2020-01-27	2	92
1060	2020-01-25	17	2
1061	2020-01-25	2	64
1062	2020-01-24	10	64
1063	2020-01-27	2	166
1064	2020-01-26	4	18
1065	2020-01-24	4	28
1066	2020-01-26	7	40
1067	2020-01-27	16	92
1068	2020-01-24	4	115
1069	2020-01-24	2	28
1070	2020-01-24	6	37
1071	2020-01-24	4	116
1072	2020-01-25	1	270
1073	2020-01-25	18	3
1074	2020-01-25	16	435
1075	2020-01-25	9	119
1076	2020-01-25	17	435
1077	2020-01-26	7	281
1078	2020-01-26	15	435
1079	2020-02-01	5	38
1080	2020-02-01	14	29
1081	2020-02-01	7	64
1082	2020-02-02	1	123
1083	2020-01-31	4	16
1084	2020-02-01	9	117
1085	2020-02-14	12	109
1086	2020-02-01	9	28
1087	2020-01-31	13	3
1088	2020-02-02	7	28
1089	2020-02-02	18	78
1090	2020-02-02	8	120
1091	2020-02-01	16	118
1092	2020-02-01	4	84
1093	2020-02-02	14	37
1094	2020-02-01	5	60
1095	2020-01-31	2	117
1096	2020-02-02	2	116
1097	2020-02-01	9	435
1098	2020-01-31	17	64
1099	2020-02-01	6	85
1100	2020-02-02	1	165
1101	2020-02-01	15	38
1102	2020-02-01	8	116
1103	2020-02-03	6	123
1104	2020-02-02	7	89
1105	2020-02-07	5	110
1106	2020-02-14	5	109
1107	2020-02-09	2	40
1108	2020-02-09	3	61
1109	2020-02-08	3	117
1110	2020-02-08	18	16
1111	2020-02-07	1	115
1112	2020-02-08	10	61
1113	2020-02-08	8	118
1114	2020-02-08	1	117
1115	2020-02-07	12	110
1116	2020-02-07	2	435
1117	2020-02-07	7	115
1118	2020-02-08	10	61
1119	2020-02-08	8	61
1120	2020-02-06	7	281
1121	2020-02-14	16	270
1122	2020-02-06	18	114
1123	2020-02-07	11	115
1124	2020-02-07	8	115
1125	2020-02-07	14	37
1126	2020-02-07	8	40
1127	2020-02-07	1	64
1128	2020-02-08	3	39
1129	2020-02-08	12	61
1130	2020-02-08	7	104
1131	2020-02-09	14	435
1132	2020-02-14	15	59
1133	2020-02-09	12	61
1134	2020-02-09	15	38
1135	2020-02-16	8	116
1136	2020-02-16	5	2
1137	2020-02-15	14	2
1138	2020-02-15	1	3
1139	2020-02-14	8	2
1140	2020-02-14	17	54
1141	2020-02-15	6	64
1142	2020-02-15	16	270
1143	2020-02-15	14	2
1144	2020-02-15	13	62
1145	2020-02-15	12	107
1146	2020-02-14	18	55
1147	2020-02-16	11	40
1148	2020-02-15	13	2
1149	2020-02-14	4	2
1150	2020-02-14	10	2
1151	2020-02-14	16	2
1152	2020-02-15	18	4
1153	2020-02-14	7	55
1154	2020-02-16	2	62
1155	2020-02-15	1	3
1156	2020-02-16	13	33
1157	2020-02-16	3	38
1158	2020-02-16	18	3
1159	2020-02-16	5	1
1160	2020-02-17	14	92
1161	2020-02-16	10	37
1162	2020-02-16	7	38
1163	2020-02-14	6	2
1164	2020-02-16	16	98
1165	2020-02-16	1	5
1166	2020-02-15	12	1
1167	2020-02-15	10	107
1168	2020-02-15	2	270
1169	2020-02-15	13	28
1170	2020-02-15	13	3
1171	2020-02-14	15	2
1172	2020-02-16	4	33
1173	2020-02-15	4	3
1174	2020-02-15	10	270
1175	2020-02-15	17	270
1176	2020-02-16	16	116
1177	2020-02-14	18	2
1178	2020-02-15	7	3
1179	2020-02-16	2	41
1180	2020-02-14	3	50
1181	2020-02-14	10	4
1182	2020-02-15	6	2
1183	2020-02-16	9	435
1184	2020-02-15	1	2
1185	2020-02-16	14	117
1186	2020-02-15	2	2
1187	2020-02-16	15	41
1188	2020-02-16	6	38
1189	2020-02-15	2	109
1190	2020-02-16	11	85
1191	2020-02-21	11	16
1192	2020-02-21	4	281
1193	2020-02-22	9	16
1194	2020-02-23	15	1
1195	2020-02-22	15	59
1196	2020-02-21	6	64
1197	2020-02-23	3	62
1198	2020-02-23	2	16
1199	2020-02-23	2	54
1200	2020-02-21	5	87
1201	2020-02-23	7	97
1202	2020-02-23	12	61
1203	2020-02-22	7	85
1204	2020-02-21	5	124
1205	2020-02-23	11	92
1206	2020-02-21	12	40
1207	2020-02-23	4	116
1208	2020-02-21	2	2
1209	2020-02-21	1	281
1210	2020-02-21	11	122
1211	2020-02-23	6	281
1212	2020-02-21	16	61
1213	2020-02-21	18	2
1214	2020-02-23	6	92
1215	2020-02-23	9	92
1216	2020-02-24	17	98
1217	2020-02-22	4	38
1218	2020-02-21	6	64
1219	2020-02-21	17	2
1220	2020-02-23	10	62
1221	2020-02-21	12	107
1222	2020-02-23	7	3
\.


--
-- Data for Name: hotels; Type: TABLE DATA; Schema: public; Owner: staycation
--

COPY public.hotels (id, name, stars, preview, picture_id) FROM stdin;
28	Eiffel Blomet	4	Accès piscine + hammam + sauna + petit dej inclus 	https://staycation.twic.pics/v1/cover=1000x-/image:pictures/production/cb4c7f5b7157408a33fcd1ac946f0d4a.jpg
21	Pavillon de la Reine	5	Accès jacuzzi + hammam + bt. de vin + petit dej inclus	https://staycation.twic.pics/v1/cover=1000x-/image:pictures/production/c7b3bb8998d06406ec60da8a0273b511.jpg
30	Penthouse du Chat Noir	4	Possibilité 10 amis à dîner + petit dej inclus	https://staycation.twic.pics/v1/cover=1000x-/image:pictures/production/13a236d4aac77fe808289c6427557c73.jpg
15	La Villa Haussmann	4	Accès piscine + hammam + champagne + tapas + petit dej inclus	https://staycation.twic.pics/v1/cover=1000x-/image:pictures/production/a750dba1b81638545111c59485e3d091.jpg
1	Hôtel La Lanterne	4	Accès piscine + hammam + vin + petit dej inclus	https://staycation.twic.pics/v1/cover=1000x-/image:pictures/production/3c3811c53bccb69bba40424e79c013ca.jpg
25	Hôtel de Nell	5	Cérémonial de bain + coupes de champagne + petit dej inclus	https://staycation.twic.pics/v1/cover=1000x-/image:pictures/production/7894c67af5374f29b2a5f98e376b9a7a.jpg
2	Molitor	5	Accès piscines + hammam + fitness + petit dej inclus	https://staycation.twic.pics/v1/cover=1000x-/image:pictures/production/aca3d864cc3d90b591287ad36e1d4f72.jpg
10	Hôtel Thoumieux	4	Dîner brasserie + petit dej inclus	https://staycation.twic.pics/v1/cover=1000x-/image:pictures/production/5f0c8e189b6a33be3425c44bc48d27ec.jpg
11	L'Echiquier	4	Atelier mixologie + cocktails + tea time + petit dej inclus	https://staycation.twic.pics/v1/cover=1000x-/image:pictures/production/ff4e6c89caba374c1dc376f7f5c4e95a.jpg
6	OFF Paris Seine	4	Accès bassin + petit dej inclus	https://staycation.twic.pics/v1/cover=1000x-/image:pictures/production/51230d577d49726a4324ccd920f32b80.jpg
16	Parister	5	Accès piscine + hammam + planche mixte & vin + petit dej inclus	https://staycation.twic.pics/v1/cover=1000x-/image:pictures/production/0def9a6adb20dd3c17cf9fbf3c6c9f52.jpg
22	Vice Versa Hôtel	4	Accès hammam privatif + 1/2 bt. champagne + petit dej inclus	https://staycation.twic.pics/v1/cover=1000x-/image:pictures/production/5840e6d02646f9bfca374a728c0b3f80.jpg
29	Hôtel Saint Marc	4	Accès piscine privative + hammam + petit dej inclus	https://staycation.twic.pics/v1/cover=1000x-/image:pictures/production/da50d138716409f296035ff189141ef1.jpg
14	COQ Hôtel	4	Fantastique dîner raclette + vin + Mario Kart + petit dej inclus	https://staycation.twic.pics/v1/cover=1000x-/image:pictures/production/78f3c63c75ae9a756008248a436d5706.jpg
4	Terrass Hotel	4	Accès rooftop & terrasse + sauna & hammam privatifs + petit dej inclus	https://staycation.twic.pics/v1/cover=1000x-/image:pictures/production/4d56a8c573dd7f614617f9fd55f2b890.jpg
8	Boutet Bastille	5	Accès piscine + sauna-hammam + chocolat chaud + petit dej inclus	https://staycation.twic.pics/v1/cover=1000x-/image:pictures/production/868806c118b6c353560063c6c063b8b0.jpg
17	Da Vinci	4	Accès piscine privative + bt. de Prosecco inclus	https://staycation.twic.pics/v1/cover=1000x-/image:pictures/production/435ddbf186a1085304b7af9b99ff26b1.jpg
27	Pool Suite du 1K	4	Petit dej + piscine privée + champagne inclus	https://staycation.twic.pics/v1/cover=1000x-/image:pictures/production/0be16e7d457d776b0c570cb7a3f2865e.jpg
12	Hôtel Le Saint 	4	Accès hammam + vélos + champagne + petit dej inclus	https://staycation.twic.pics/v1/cover=1000x-/image:pictures/production/374beacdc1ebffa4403480f2ce972a2e.jpg
19	Maison Albar Le Pont-Neuf	5	Accès piscine + jacuzzi + hammam + champagne + petit dej inclus	https://staycation.twic.pics/v1/cover=1000x-/image:pictures/production/db9cb38098fbb4e6438cd0112c2606f1.jpg
9	Hôtel Grands Boulevards	4	Cicchetti + cocktail ou vino + petit dej inclus	https://staycation.twic.pics/v1/cover=1000x-/image:pictures/production/0afccf64e98be6f95f4c60146348a21f.png
7	Bourgogne & Montana	4	Massage duo + privatisation sauna + tea time + petit dej inclus	https://staycation.twic.pics/v1/cover=1000x-/image:pictures/production/0be2d9498225b64c544b6e86245a9ccb.jpg
3	Hôtel Paradis	3	Produits Bonne Nouvelle + petit dej bio inclus	https://staycation.twic.pics/v1/cover=1000x-/image:pictures/production/6150989d521ee4bc9bca264f95ddc711.jpeg
20	LAZ' Hotel Spa Urbain	4	Accès piscine + sauna + hammam + petit dej inclus	https://staycation.twic.pics/v1/cover=1000x-/image:pictures/production/430a91e17137913fdeb012830386ef86.jpg
24	Château d'Augerville Golf & Spa	5	Accès piscine + jacuzzi + sauna + hammam + champagne + petit dej inclus	https://staycation.twic.pics/v1/cover=1000x-/image:pictures/production/5cc7416ce9da94c297ea906b65546953.jpg
23	Le Dokhan's	5	Atelier dégustation champagne + petit dej inclus	https://staycation.twic.pics/v1/cover=1000x-/image:pictures/production/1a7517f0e1de3ff06e17337c670e9812.jpg
26	Hôtel 1K	4	Tapas + cocktails + petit dej inclus	https://staycation.twic.pics/v1/cover=1000x-/image:pictures/production/374041cc8ef648d5b5dce874c08d36b7.jpg
18	Platine Hotel	4	Accès sauna & hammam + 1/2 bt. champagne + petit dej inclus	https://staycation.twic.pics/v1/cover=1000x-/image:pictures/production/917230884a30668784bde487149c58db.jpg
13	Hôtel Panache	4	Produits Bonne Nouvelle + petit dej inclus	https://staycation.twic.pics/v1/cover=1000x-/image:pictures/production/1719a617fa946f339d8b38ebb52f25fe.jpg
5	Square Louvois	4	Accès piscine + tea time + petit dej inclus	https://staycation.twic.pics/v1/cover=1000x-/image:pictures/production/24e1b436b2c8c957b5aca55c4225e425.jpg
\.


--
-- Data for Name: openings; Type: TABLE DATA; Schema: public; Owner: staycation
--

COPY public.openings (id, sale_id, room_id, date, stock, price, discount_price) FROM stdin;
36561	79	111	2019-12-09	2	345	179
36562	79	113	2019-12-09	2	505	219
36563	79	112	2019-12-09	2	425	199
36564	79	110	2019-12-09	2	305	159
37755	81	104	2019-12-21	4	304	190
43089	87	114	2020-01-30	1	289	179
33031	78	110	2019-12-01	2	305	149
36565	79	124	2019-12-06	1	278	219
37752	81	104	2019-12-19	4	340	190
33032	78	112	2019-12-01	2	425	209
33034	78	113	2019-12-01	2	339	229
39494	81	16	2019-12-31	6	390	306
37745	81	41	2019-12-20	5	351	270
33033	78	111	2019-12-01	3	345	189
39505	83	37	2020-01-02	1	300	170
43092	87	114	2020-02-02	1	239	169
37744	81	40	2019-12-20	5	310	240
38782	81	109	2019-12-26	2	568	320
39293	81	123	2019-12-29	1	264	200
39755	83	62	2020-01-05	5	169	130
39678	83	40	2020-01-05	5	267	200
39504	83	37	2020-01-01	2	320	170
39791	83	107	2020-01-02	2	415	290
39745	83	39	2020-01-04	1	360	250
39701	83	33	2020-01-03	3	134	107
39756	83	61	2020-01-05	5	159	120
38781	81	107	2019-12-26	1	460	290
39292	81	122	2019-12-29	1	331	229
39792	83	109	2020-01-02	2	455	320
39506	83	38	2020-01-02	2	340	210
39702	83	33	2020-01-04	1	143	114
39746	83	39	2020-01-03	1	420	250
39793	83	109	2020-01-03	3	447	320
39344	81	41	2019-12-29	2	427	230
38758	81	123	2019-12-26	1	264	200
38759	81	125	2019-12-30	1	541	249
39507	83	39	2020-01-02	1	420	240
39757	83	61	2020-01-06	5	159	129
39794	83	107	2020-01-04	2	435	310
39703	83	33	2020-01-05	3	134	107
37748	81	40	2019-12-21	5	310	240
38343	81	85	2019-12-24	2	211	165
39520	83	2	2020-01-04	10	360	285
39521	83	4	2020-01-04	1	820	500
39522	83	3	2020-01-04	5	410	315
39795	83	109	2020-01-04	4	485	340
39758	83	62	2020-01-06	5	169	139
43117	88	111	2020-02-06	3	345	209
43099	87	16	2020-02-02	1	240	150
35368	78	64	2019-12-01	3	311	199
37749	81	40	2019-12-22	5	274	200
37751	81	41	2019-12-22	5	315	230
37754	81	104	2019-12-20	4	304	190
37758	81	104	2019-12-24	2	311	190
38344	81	84	2019-12-25	2	203	145
39796	83	107	2020-01-05	2	384	290
39798	83	109	2020-01-06	4	422	320
39759	83	37	2020-01-06	1	260	170
43121	88	110	2020-02-07	2	305	189
43125	87	5	2020-02-01	1	293	230
35369	78	123	2019-12-01	1	230	185
35370	78	124	2019-12-01	1	258	207
35371	78	122	2019-12-01	1	287	229
38783	81	107	2019-12-29	2	528	290
38785	81	107	2019-12-30	1	528	290
39760	83	37	2020-01-03	2	300	170
39517	83	2	2020-01-03	10	340	270
39518	83	4	2020-01-03	1	800	500
39519	83	3	2020-01-03	5	390	300
39797	83	109	2020-01-05	4	425	320
44678	89	5	2020-02-17	3	307	230
44680	89	55	2020-02-17	1	320	230
35372	78	125	2019-12-01	1	343	249
37753	81	106	2019-12-19	1	650	370
37756	81	104	2019-12-22	4	311	190
43101	87	39	2020-01-31	1	390	235
39523	83	2	2020-01-05	10	340	270
39524	83	4	2020-01-05	2	800	500
44671	89	1	2020-02-14	4	372	200
39525	83	3	2020-01-05	5	390	300
44679	89	54	2020-02-17	1	290	180
43118	88	113	2020-02-07	1	470	249
37757	81	104	2019-12-23	4	311	190
37759	81	104	2019-12-25	2	311	190
39531	83	119	2020-01-03	1	341	274
44672	89	5	2020-02-14	4	417	230
43102	87	39	2020-02-01	1	415	250
43119	88	112	2020-02-07	2	425	229
44649	89	5	2020-02-16	7	249	180
38342	81	84	2019-12-24	2	203	145
38345	81	85	2019-12-25	2	211	165
44650	89	1	2020-02-16	5	229	170
38784	81	109	2019-12-29	2	568	320
39527	83	115	2020-01-03	5	165	124
43120	88	111	2020-02-07	2	345	209
44673	89	1	2020-02-15	2	372	210
38786	81	109	2019-12-30	1	568	320
40000	83	16	2020-01-03	1	254	170
39528	83	117	2020-01-03	5	211	163
39532	83	115	2020-01-04	7	183	140
39534	83	118	2020-01-04	1	275	218
39958	85	110	2020-01-19	4	285	189
39992	83	37	2020-01-04	1	225	170
39912	84	111	2020-01-10	2	228	179
40019	83	85	2020-01-03	2	248	165
40020	83	84	2020-01-04	2	238	169
39679	83	41	2020-01-05	2	307	230
38340	81	84	2019-12-23	2	195	145
39529	83	118	2020-01-03	1	334	258
39924	84	111	2020-01-13	1	241	179
39960	85	112	2020-01-19	2	405	229
44674	89	5	2020-02-15	2	417	230
37299	80	281	2019-12-16	2	605	255
39961	85	113	2020-01-19	2	339	249
39962	85	113	2020-01-20	2	339	249
39530	83	120	2020-01-03	1	341	274
40021	83	85	2020-01-04	2	248	189
40023	83	85	2020-01-05	2	224	165
37303	80	126	2019-12-15	1	598	464
37307	80	78	2019-12-15	3	307	205
39963	85	112	2020-01-20	2	405	229
38341	81	85	2019-12-23	2	205	165
39533	83	117	2020-01-04	5	229	179
39539	83	119	2020-01-05	1	341	274
40022	83	84	2020-01-05	2	215	145
43145	88	113	2020-02-09	3	475	249
43152	88	110	2020-02-10	4	305	189
37799	81	123	2019-12-23	1	220	177
39535	83	120	2020-01-04	1	341	274
40004	83	16	2020-01-04	1	241	158
39919	84	110	2020-01-12	2	216	159
39923	84	110	2020-01-13	1	216	159
40024	83	84	2020-01-06	2	215	145
37800	81	124	2019-12-23	1	247	198
37804	81	124	2019-12-24	1	247	198
37808	81	124	2019-12-25	1	247	198
40005	83	16	2020-01-05	1	225	142
39536	83	119	2020-01-04	1	341	274
39537	83	117	2020-01-05	10	201	156
39538	83	118	2020-01-05	3	247	195
43147	88	111	2020-02-09	3	345	209
40025	83	85	2020-01-06	2	224	165
39913	84	112	2020-01-10	2	263	199
40026	83	84	2020-01-03	2	238	145
39965	85	110	2020-01-20	2	285	189
43146	88	112	2020-02-09	3	425	229
44676	89	6	2020-02-17	1	332	250
37305	80	76	2019-12-15	2	267	165
39540	83	120	2020-01-05	1	341	274
43150	88	112	2020-02-10	4	425	229
39914	84	113	2020-01-10	2	283	219
43148	88	110	2020-02-09	3	305	189
44677	89	1	2020-02-17	3	277	210
39698	83	57	2020-01-05	2	361	210
39699	83	53	2020-01-05	2	460	295
37306	80	77	2019-12-15	3	287	195
37801	81	122	2019-12-23	1	274	220
39700	83	51	2020-01-05	2	379	225
39915	84	110	2020-01-11	2	216	189
43149	88	113	2020-02-10	3	475	249
37807	81	123	2019-12-25	1	220	177
37810	81	125	2019-12-25	1	327	249
39916	84	111	2020-01-11	2	241	209
43151	88	111	2020-02-10	4	345	209
37309	80	79	2019-12-15	3	377	235
39861	83	54	2020-01-06	2	278	170
39920	84	111	2020-01-12	2	241	179
39922	84	113	2020-01-12	2	283	219
35406	78	62	2019-12-01	8	192	150
37809	81	122	2019-12-25	1	274	220
39921	84	112	2020-01-12	2	263	199
39858	83	54	2020-01-05	2	272	170
39925	84	112	2020-01-13	1	263	199
35857	79	270	2019-12-08	2	342	210
35858	79	60	2019-12-08	2	455	250
37312	80	39	2019-12-14	1	445	250
37806	81	125	2019-12-24	1	327	249
38411	81	38	2019-12-18	3	310	210
44658	89	84	2020-02-14	1	279	145
37313	80	270	2019-12-14	2	392	210
37323	81	60	2019-12-20	2	455	250
35859	79	59	2019-12-08	2	572	260
38841	81	84	2019-12-29	1	283	145
40347	84	92	2020-01-12	10	220	140
40349	84	95	2020-01-10	1	300	216
40801	84	61	2020-01-11	5	202	159
40841	84	124	2020-01-09	1	282	200
40825	84	77	2020-01-12	2	302	195
40824	84	76	2020-01-12	2	262	165
40830	84	97	2020-01-09	2	475	235
40842	84	123	2020-01-09	1	231	198
44661	89	84	2020-02-16	2	183	145
37314	80	60	2019-12-14	2	455	250
37319	80	270	2019-12-12	1	392	210
37324	81	59	2019-12-20	2	572	260
39571	83	97	2020-01-01	2	695	235
37802	81	125	2019-12-23	1	327	249
38412	81	37	2019-12-18	2	270	170
40802	84	61	2020-01-12	3	157	120
40826	84	79	2020-01-12	1	372	235
40831	84	281	2020-01-09	2	551	255
37315	80	59	2019-12-14	2	572	260
37328	81	270	2019-12-22	2	392	210
37803	81	123	2019-12-24	1	220	177
38825	81	281	2019-12-26	1	605	255
38827	81	97	2019-12-27	2	695	235
39864	83	54	2020-01-03	2	290	180
39876	83	92	2020-01-06	8	210	140
39877	83	94	2020-01-05	1	219	168
40832	84	98	2020-01-09	2	668	310
40835	84	281	2020-01-11	1	551	255
44660	89	85	2020-02-15	2	289	189
44663	89	84	2020-02-17	2	201	145
40803	84	62	2020-01-12	3	170	130
44706	89	28	2020-02-14	2	333	249
37316	80	270	2019-12-13	2	392	210
37805	81	122	2019-12-24	1	274	220
38829	81	97	2019-12-28	6	695	235
40833	84	97	2020-01-10	1	475	235
44662	89	85	2020-02-16	4	205	165
39572	83	97	2020-01-03	1	525	235
39865	83	54	2020-01-04	2	290	180
44707	89	29	2020-02-14	2	345	280
40804	84	165	2020-01-12	2	140	109
37317	80	60	2019-12-13	2	455	250
37320	80	60	2019-12-12	1	455	250
37322	81	270	2019-12-20	2	392	210
35867	79	92	2019-12-06	6	270	200
37825	81	59	2019-12-25	1	572	260
39873	83	92	2020-01-03	5	250	170
38826	81	98	2019-12-26	1	758	310
40344	84	92	2020-01-09	7	220	150
39573	83	98	2020-01-03	2	740	310
40927	84	39	2020-01-10	1	350	250
40805	84	166	2020-01-12	2	162	119
37318	80	59	2019-12-13	2	572	260
35870	79	107	2019-12-06	2	429	270
35873	79	107	2019-12-07	2	429	300
38831	81	281	2019-12-28	2	800	255
39424	83	87	2020-01-05	6	300	239
40345	84	92	2020-01-10	7	220	150
40806	84	167	2020-01-12	1	216	160
40836	84	98	2020-01-11	2	668	310
44664	89	85	2020-02-17	2	221	165
44708	89	28	2020-02-15	2	333	269
44765	89	50	2020-02-14	3	343	250
44766	89	53	2020-02-14	1	463	290
44767	89	51	2020-02-14	1	373	255
37321	80	59	2019-12-12	1	572	260
35871	79	109	2019-12-06	2	460	300
37824	81	60	2019-12-25	1	455	250
37826	81	78	2019-12-22	3	298	205
38824	81	97	2019-12-23	2	524	235
38833	81	98	2019-12-28	3	1020	310
40928	84	39	2020-01-11	1	360	250
40885	84	104	2020-01-09	4	360	190
44659	89	85	2020-02-14	1	299	165
44709	89	29	2020-02-15	2	345	280
37325	81	270	2019-12-21	2	392	210
37329	81	60	2019-12-22	2	455	250
37814	81	270	2019-12-19	2	390	210
35872	79	109	2019-12-07	4	460	330
37816	81	59	2019-12-19	2	572	260
37818	81	60	2019-12-23	1	455	250
38828	81	281	2019-12-27	1	800	255
38842	81	85	2019-12-29	1	291	165
40886	84	104	2020-01-10	4	360	190
40920	84	114	2020-01-12	3	274	169
44665	89	125	2020-02-16	1	350	249
44710	89	28	2020-02-16	2	333	249
44712	89	29	2020-02-17	2	345	280
37326	81	60	2019-12-21	2	455	250
37815	81	60	2019-12-19	2	455	250
37828	81	77	2019-12-22	1	278	195
40889	84	104	2020-01-13	2	360	230
39874	83	92	2020-01-04	7	260	176
40887	84	104	2020-01-11	4	360	190
40915	84	435	2020-01-11	1	281	169
41082	85	92	2020-01-19	7	278	198
37817	81	270	2019-12-23	2	392	210
37819	81	59	2019-12-23	1	572	260
37821	81	60	2019-12-24	1	455	250
38413	81	37	2019-12-21	2	270	170
40916	84	435	2020-01-10	3	247	149
40888	84	104	2020-01-12	4	360	190
41083	85	94	2020-01-19	1	304	220
44711	89	29	2020-02-16	2	345	280
37820	81	270	2019-12-24	2	392	210
38437	81	98	2019-12-25	2	758	310
38836	81	85	2019-12-26	1	211	165
39454	81	104	2019-12-31	2	660	390
44779	89	114	2020-02-17	1	327	169
37822	81	59	2019-12-24	1	572	260
40348	84	93	2020-01-12	1	260	160
39440	81	104	2019-12-30	3	490	230
39452	83	38	2020-01-05	3	270	210
39453	83	38	2020-01-06	3	300	210
39875	83	92	2020-01-05	10	193	145
40918	84	114	2020-01-10	3	294	179
35887	79	28	2019-12-08	3	326	249
37823	81	270	2019-12-25	1	392	210
39911	84	110	2020-01-10	2	216	159
39449	83	38	2020-01-03	4	340	210
39878	83	93	2020-01-05	1	210	160
40919	84	114	2020-01-11	2	329	189
41288	85	111	2020-01-16	3	325	209
41289	85	113	2020-01-16	3	425	249
41290	85	112	2020-01-16	3	405	229
39964	85	111	2020-01-20	2	325	209
39926	84	113	2020-01-13	1	283	219
37827	81	79	2019-12-22	2	308	235
39593	83	123	2020-01-04	2	264	200
39879	83	94	2020-01-04	1	290	200
40921	84	435	2020-01-13	2	277	139
39884	83	114	2020-01-03	2	316	179
39450	83	38	2020-01-04	7	320	210
39451	83	37	2020-01-05	7	230	170
39594	83	124	2020-01-04	2	298	219
40176	84	281	2020-01-10	1	551	255
40188	84	97	2020-01-13	3	475	235
40189	84	281	2020-01-13	2	551	255
40190	84	98	2020-01-13	3	668	310
39595	83	122	2020-01-04	2	331	229
39596	83	125	2020-01-04	1	398	249
39608	83	125	2020-01-06	1	343	249
44785	89	118	2020-02-16	3	247	195
44787	89	38	2020-02-17	1	300	190
44675	89	7	2020-02-16	1	337	280
44803	89	50	2020-02-15	4	323	250
40177	84	97	2020-01-11	4	493	235
38436	81	281	2019-12-25	1	605	255
44776	89	435	2020-02-16	2	259	139
39597	83	123	2020-01-03	2	249	200
44786	89	120	2020-02-16	2	340	274
39606	83	124	2020-01-06	2	258	198
39607	83	122	2020-01-06	2	287	220
39883	83	114	2020-01-02	2	315	179
44816	90	85	2020-02-22	2	241	189
39885	83	114	2020-01-04	2	320	189
39887	83	114	2020-01-06	2	260	169
39894	83	97	2020-01-05	2	475	235
40353	84	84	2020-01-09	2	215	145
40178	84	97	2020-01-12	3	475	235
40179	84	281	2020-01-12	2	551	255
39886	83	114	2020-01-05	2	261	169
39892	83	281	2020-01-04	2	569	255
38430	81	281	2019-12-23	2	605	255
40354	84	85	2020-01-09	2	224	165
40355	84	84	2020-01-10	2	215	145
41291	85	110	2020-01-16	3	285	189
39600	83	125	2020-01-03	1	370	249
40357	84	84	2020-01-11	2	215	169
39604	83	125	2020-01-05	1	343	249
41294	85	112	2020-01-17	3	405	229
41295	85	110	2020-01-17	3	285	189
38432	81	97	2019-12-24	2	524	235
39603	83	122	2020-01-05	2	287	229
39888	83	435	2020-01-04	1	272	169
40181	84	98	2020-01-12	3	668	310
40356	84	85	2020-01-10	2	224	165
40362	84	85	2020-01-13	2	224	165
41292	85	111	2020-01-17	3	325	209
41293	85	113	2020-01-17	3	425	249
39889	83	435	2020-01-05	3	214	139
39895	83	98	2020-01-05	2	668	310
38433	81	281	2019-12-24	2	605	255
39605	83	123	2020-01-06	2	230	177
40358	84	85	2020-01-11	2	224	189
41314	85	54	2020-01-19	3	331	170
41376	85	110	2020-01-18	2	305	189
38435	81	97	2019-12-25	1	524	235
39890	83	435	2020-01-06	5	212	139
40359	84	84	2020-01-12	2	215	145
40438	84	39	2020-01-12	1	330	230
41315	85	54	2020-01-18	3	340	180
35465	78	24	2019-12-01	1	975	745
35466	78	16	2019-12-01	1	213	130
39898	83	98	2020-01-06	3	668	310
39612	83	2	2020-01-01	10	360	285
39614	83	3	2020-01-01	5	410	315
39891	83	97	2020-01-04	1	493	235
40360	84	85	2020-01-12	2	224	165
38916	81	40	2019-12-29	7	359	200
40361	84	84	2020-01-13	2	215	145
39615	83	2	2020-01-02	10	360	285
39617	83	3	2020-01-02	5	410	315
39893	83	98	2020-01-04	1	686	310
39618	83	2	2020-01-06	10	340	270
39619	83	4	2020-01-06	1	840	500
39620	83	3	2020-01-06	5	390	300
41431	85	28	2020-01-19	2	364	249
39896	83	97	2020-01-06	2	475	235
41378	85	112	2020-01-18	3	425	229
37353	80	98	2019-12-16	2	758	310
39897	83	281	2020-01-06	2	551	255
41432	85	29	2020-01-19	1	380	280
43379	88	60	2020-02-09	2	434	250
40369	84	38	2020-01-10	2	290	210
40366	84	37	2020-01-09	2	240	155
41434	85	84	2020-01-19	2	271	145
40367	84	38	2020-01-09	3	280	190
41506	86	38	2020-01-24	2	300	190
41507	86	37	2020-01-24	10	260	160
41508	86	39	2020-01-24	1	395	235
40370	84	37	2020-01-11	7	250	170
40371	84	38	2020-01-11	4	290	210
40373	84	38	2020-01-12	3	250	190
40374	84	37	2020-01-13	1	280	155
40368	84	37	2020-01-10	1	250	170
40372	84	37	2020-01-12	5	210	155
35479	78	93	2019-12-01	2	225	175
43372	88	270	2020-02-07	2	375	210
43371	88	59	2020-02-06	1	545	260
35480	78	92	2019-12-01	12	208	158
41524	85	104	2020-01-17	1	357	190
41525	86	123	2020-01-26	1	235	177
41527	86	122	2020-01-26	1	292	220
41539	86	84	2020-01-24	1	233	145
41543	86	84	2020-01-27	3	224	145
41536	87	167	2020-02-02	2	216	160
41540	86	84	2020-01-25	2	243	169
41544	86	85	2020-01-27	3	233	165
41526	86	124	2020-01-26	1	264	198
41531	86	166	2020-01-26	2	162	119
34923	79	110	2019-12-07	1	305	209
34926	79	112	2019-12-08	3	425	199
34927	79	113	2019-12-08	2	505	219
37867	81	110	2019-12-19	3	305	199
41528	86	125	2020-01-26	1	350	249
41532	86	167	2020-01-26	2	216	160
41541	86	84	2020-01-26	3	197	145
41519	85	115	2020-01-19	7	220	171
44856	90	29	2020-02-21	1	345	280
34917	79	112	2019-12-06	2	425	264
34918	79	111	2019-12-06	2	345	232
34919	79	110	2019-12-06	2	305	199
34920	79	113	2019-12-07	1	505	379
34921	79	111	2019-12-07	1	345	269
34925	79	111	2019-12-08	3	345	179
37868	81	111	2019-12-19	3	345	249
37869	81	112	2019-12-19	3	425	289
44857	90	28	2020-02-22	2	333	269
41534	87	165	2020-02-02	4	140	109
41542	86	85	2020-01-26	3	206	165
34924	79	110	2019-12-08	4	305	159
41535	87	166	2020-02-02	4	162	119
44863	90	64	2020-02-21	5	317	235
44864	90	167	2020-02-23	1	216	160
41367	85	2	2020-01-17	5	342	270
41369	85	4	2020-01-17	1	817	500
41371	85	2	2020-01-19	5	320	260
43380	88	59	2020-02-09	2	545	260
44858	90	29	2020-02-22	1	345	280
41368	85	3	2020-01-17	5	390	300
44859	90	64	2020-02-23	5	317	225
44861	90	64	2020-02-22	5	317	235
40235	84	107	2020-01-09	3	430	290
40236	84	109	2020-01-09	3	460	320
43369	88	270	2020-02-06	2	375	210
43377	88	59	2020-02-08	1	545	260
41370	85	3	2020-01-18	4	380	315
44866	90	165	2020-02-23	2	135	109
44860	90	28	2020-02-23	2	313	249
42048	86	115	2020-01-24	7	201	155
42320	86	110	2020-01-25	4	305	189
42322	86	39	2020-01-25	2	395	250
41372	85	3	2020-01-19	5	370	300
40237	84	107	2020-01-10	3	430	290
40257	84	89	2020-01-12	3	361	299
42280	86	64	2020-01-23	5	292	225
42281	86	64	2020-02-14	5	332	285
42282	86	64	2020-01-27	5	292	225
42304	86	270	2020-01-23	1	425	210
44862	90	29	2020-02-23	1	345	280
43373	88	60	2020-02-07	1	434	250
41162	85	117	2020-01-17	3	279	222
40238	84	109	2020-01-10	3	460	320
40241	84	107	2020-01-12	3	430	290
44865	90	166	2020-02-23	2	162	119
41373	85	4	2020-01-19	1	820	500
42323	86	39	2020-01-26	1	325	230
40251	84	89	2020-01-10	3	412	309
38941	81	125	2019-12-27	1	398	249
42050	86	117	2020-01-24	2	247	195
40239	84	107	2020-01-11	3	430	310
42139	86	33	2020-01-26	3	175	107
42307	86	270	2020-01-24	2	425	210
42313	86	270	2020-01-26	2	425	210
40240	84	109	2020-01-11	3	460	340
40245	84	108	2020-01-10	1	615	419
40247	84	108	2020-01-11	1	615	449
40253	84	87	2020-01-10	5	340	249
40258	84	88	2020-01-12	5	322	269
43370	88	60	2020-02-06	1	434	250
42308	86	60	2020-01-24	1	495	250
42314	86	60	2020-01-26	2	495	250
43374	88	59	2020-02-07	1	545	260
43375	88	270	2020-02-08	2	375	210
40242	84	109	2020-01-12	3	460	320
42328	86	281	2020-01-26	1	590	265
42310	86	270	2020-01-25	4	425	210
43378	88	270	2020-02-09	2	375	210
42345	87	111	2020-02-02	3	345	209
38472	81	97	2019-12-22	1	524	235
40243	84	107	2020-01-13	2	465	290
42049	86	116	2020-01-24	3	211	163
40244	84	109	2020-01-13	3	500	320
42052	86	119	2020-01-24	1	340	273
42059	86	118	2020-01-26	4	247	195
40496	84	64	2020-01-12	3	292	199
40498	84	40	2020-01-10	5	267	240
41029	85	64	2020-01-18	2	452	285
42340	87	111	2020-01-31	3	345	209
42321	86	113	2020-01-25	1	425	249
42311	86	60	2020-01-25	1	495	250
42331	86	435	2020-01-25	10	239	169
40246	84	108	2020-01-09	1	615	419
42051	86	118	2020-01-24	2	293	233
40493	84	64	2020-01-09	3	292	199
40497	84	64	2020-01-13	3	292	199
41030	85	64	2020-01-19	5	406	240
42205	86	29	2020-01-27	4	356	280
42318	86	59	2020-01-27	2	625	260
42341	87	112	2020-01-31	3	425	229
42316	86	270	2020-01-27	2	425	210
42344	87	112	2020-02-02	3	425	229
42349	87	110	2020-02-01	2	305	189
42206	86	28	2020-02-14	2	387	249
38483	81	125	2019-12-19	1	327	249
40248	84	87	2020-01-09	5	340	249
40259	84	87	2020-01-12	5	300	239
40500	84	40	2020-01-12	5	267	200
42053	86	115	2020-01-25	7	220	170
41164	85	117	2020-01-19	5	270	213
42055	86	117	2020-01-25	2	266	209
42057	86	119	2020-01-25	1	340	274
42317	86	60	2020-01-27	2	495	250
42200	86	29	2020-01-24	1	380	280
42332	86	114	2020-01-25	1	285	189
42342	87	113	2020-01-31	3	495	249
38479	81	123	2019-12-18	1	220	177
42335	86	435	2020-01-27	6	262	139
43561	88	37	2020-02-06	2	255	160
41034	85	40	2020-01-17	6	342	240
41165	85	118	2020-01-19	2	320	255
38953	81	98	2019-12-27	1	850	310
42343	87	113	2020-02-02	3	495	249
40249	84	88	2020-01-09	4	367	279
40250	84	89	2020-01-09	3	412	289
42054	86	116	2020-01-25	3	229	179
42333	86	435	2020-01-26	10	239	139
36756	80	40	2019-12-15	5	274	200
36757	80	41	2019-12-15	5	314	230
37390	80	116	2019-12-14	1	229	179
42056	86	118	2020-01-25	2	312	249
40252	84	88	2020-01-10	4	367	279
41033	85	41	2020-01-17	3	380	270
41647	86	38	2020-01-25	5	300	210
42334	86	114	2020-01-26	1	285	169
42346	87	110	2020-02-02	3	305	189
42353	87	113	2020-02-03	3	495	249
42197	86	28	2020-01-23	2	421	249
42355	87	111	2020-02-03	3	345	209
43583	88	37	2020-02-09	4	225	155
36754	80	40	2019-12-13	5	316	240
37389	80	118	2019-12-14	2	293	234
38480	81	123	2019-12-19	1	220	177
40494	84	64	2020-01-10	3	292	199
40495	84	64	2020-01-11	5	292	199
40499	84	41	2020-01-10	5	307	270
41035	85	40	2020-01-19	10	293	200
41648	86	37	2020-01-26	5	205	155
42058	86	117	2020-01-26	10	201	155
43386	88	64	2020-02-07	5	333	225
42336	86	114	2020-01-27	1	309	169
42347	87	113	2020-02-01	1	495	249
42198	86	29	2020-01-23	2	409	279
42199	86	28	2020-01-24	3	364	249
42354	87	112	2020-02-03	3	425	229
36755	80	41	2019-12-13	5	357	270
37391	80	115	2019-12-14	3	219	169
38481	81	124	2019-12-19	1	247	198
40501	84	41	2020-01-12	5	307	230
41036	85	41	2020-01-19	5	376	230
42064	86	119	2020-01-26	1	340	274
42159	86	54	2020-01-26	2	278	170
41649	86	38	2020-01-26	2	245	190
42201	86	28	2020-01-25	5	364	269
42348	87	112	2020-02-01	1	425	229
43387	88	64	2020-02-08	5	373	235
43389	88	64	2020-02-10	5	317	225
37898	81	64	2019-12-18	3	292	199
38482	81	122	2019-12-19	1	274	220
42350	87	111	2020-02-01	1	345	209
42202	86	29	2020-01-25	2	380	280
43388	88	64	2020-02-09	5	269	205
37899	81	64	2019-12-19	3	292	199
37902	81	64	2019-12-22	3	292	199
42160	86	55	2020-01-26	1	308	200
43571	88	38	2020-02-07	2	325	190
41172	85	119	2020-01-19	1	363	292
36062	79	79	2019-12-08	2	370	235
37900	81	64	2019-12-20	3	292	199
37901	81	64	2019-12-21	3	292	199
37903	81	64	2019-12-23	3	292	199
37904	81	64	2019-12-24	3	292	199
38488	81	79	2019-12-18	1	372	259
38489	81	80	2019-12-18	1	362	259
38490	81	79	2019-12-19	1	372	259
38491	81	80	2019-12-19	1	368	259
42356	87	110	2020-02-03	3	305	189
42207	86	29	2020-02-14	4	405	280
42209	86	2	2020-01-24	5	370	280
42210	86	4	2020-01-24	1	830	500
42211	86	3	2020-01-24	5	420	310
37905	81	64	2019-12-25	3	292	199
38505	81	79	2019-12-24	1	337	239
40523	84	33	2020-01-10	3	175	107
41174	85	64	2020-01-20	3	406	240
36774	80	109	2019-12-13	3	460	300
36775	80	107	2019-12-14	2	429	300
36776	80	109	2019-12-14	3	460	330
36782	80	281	2019-12-13	1	623	255
36783	80	98	2019-12-13	1	776	310
36784	80	97	2019-12-14	7	542	235
36785	80	281	2019-12-14	5	623	255
36787	80	97	2019-12-15	4	524	235
36788	80	281	2019-12-15	2	605	255
40524	84	33	2020-01-12	3	175	107
38506	81	77	2019-12-25	2	289	220
38507	81	76	2019-12-25	2	249	165
38509	81	78	2019-12-25	1	361	260
41056	85	109	2020-01-20	2	604	320
41058	85	109	2020-01-16	2	568	320
44902	90	87	2020-02-23	3	280	239
36773	80	107	2019-12-13	1	429	270
36777	80	109	2019-12-15	3	424	280
36778	80	97	2019-12-12	3	524	235
36781	80	97	2019-12-13	3	542	235
35523	78	40	2019-12-01	10	275	200
35524	78	41	2019-12-01	10	315	230
36061	79	78	2019-12-08	2	334	205
42218	86	2	2020-01-25	8	350	280
42219	86	4	2020-01-25	1	850	500
42220	86	3	2020-01-25	7	400	310
42171	86	64	2020-01-26	5	292	205
42172	86	64	2020-01-25	5	292	235
42315	86	59	2020-01-26	2	625	260
37955	81	97	2019-12-18	1	524	235
37957	81	97	2019-12-19	4	524	235
42221	86	2	2020-01-26	5	340	260
42222	86	4	2020-01-26	1	800	500
42223	86	3	2020-01-26	5	390	290
43582	88	38	2020-02-08	3	335	210
36779	80	281	2019-12-12	1	605	255
36780	80	98	2019-12-12	1	758	310
36786	80	98	2019-12-14	2	776	310
44903	90	88	2020-02-21	2	374	279
38504	81	77	2019-12-24	1	275	185
38983	81	59	2019-12-26	1	572	260
43586	88	38	2020-02-09	3	265	190
36790	80	270	2019-12-15	3	392	210
36793	80	270	2019-12-16	2	392	210
37959	81	98	2019-12-19	1	758	310
38981	81	270	2019-12-26	1	392	210
44904	90	87	2020-02-21	2	347	249
36791	80	60	2019-12-15	3	455	250
36792	80	59	2019-12-15	3	572	260
42173	86	64	2020-01-24	5	292	225
36794	80	60	2019-12-16	2	455	250
41053	85	107	2020-01-19	2	564	290
38502	81	77	2019-12-23	1	264	185
36795	80	59	2019-12-16	2	572	260
38503	81	79	2019-12-23	1	304	239
41054	85	109	2020-01-19	2	604	320
36099	79	64	2019-12-04	2	332	199
36100	79	64	2019-12-08	5	311	199
37958	81	281	2019-12-19	1	605	255
38508	81	79	2019-12-25	2	359	259
41055	85	107	2020-01-20	2	559	290
43406	88	64	2020-02-06	5	293	225
36839	80	89	2019-12-12	3	402	289
36848	80	87	2019-12-15	6	300	239
36097	79	64	2019-12-05	3	332	225
41057	85	107	2020-01-16	2	528	290
43407	88	123	2020-02-06	1	267	198
41530	86	165	2020-01-26	4	140	109
42764	87	64	2020-01-30	5	286	225
42766	87	64	2020-02-01	5	286	235
42768	87	64	2020-02-03	5	286	225
43882	88	39	2020-02-08	2	415	250
36840	80	88	2019-12-12	5	367	279
43883	88	1	2020-02-09	1	256	180
40548	84	54	2020-01-10	2	278	180
43408	88	122	2020-02-06	1	334	220
41700	86	24	2020-01-26	1	1080	750
41701	86	18	2020-01-26	1	274	166.5
36841	80	87	2019-12-12	3	340	249
43884	88	60	2020-02-10	1	495	250
38982	81	60	2019-12-26	1	455	250
41698	86	21	2020-01-24	1	432	307.800000000000011
41699	86	21	2020-01-25	1	432	307.800000000000011
40549	84	54	2020-01-11	3	278	180
43409	88	125	2020-02-06	1	402	249
38984	81	270	2019-12-30	1	495	210
43410	88	123	2020-02-09	1	267	177
40550	84	54	2020-01-12	2	278	170
42434	87	16	2020-01-31	1	250	150
43885	88	59	2020-02-10	1	615	260
36098	79	64	2019-12-07	2	351	225
43886	88	270	2020-02-10	3	425	210
43411	88	124	2020-02-09	1	300	198
43412	88	122	2020-02-09	1	334	220
36120	79	40	2019-12-06	5	308	240
43413	88	125	2020-02-09	1	402	249
43887	88	270	2020-02-14	5	484	210
36121	79	41	2019-12-06	5	348	270
42765	87	64	2020-01-31	5	286	225
43888	88	59	2020-02-14	2	718	300
43414	88	167	2020-02-09	2	216	160
43416	88	165	2020-02-09	4	135	109
45175	90	41	2020-02-21	2	320	255
36122	79	41	2019-12-07	5	348	229
42767	87	64	2020-02-02	5	286	205
43415	88	166	2020-02-09	2	162	119
35544	78	116	2019-12-01	3	155	116
36123	79	40	2019-12-08	5	275	200
36124	79	41	2019-12-08	5	315	230
37419	80	37	2019-12-16	1	280	155
37420	80	39	2019-12-13	1	425	250
42477	87	107	2020-02-03	4	429	290
42469	87	107	2020-01-30	2	397	290
42474	87	107	2020-02-01	1	433	310
42475	87	107	2020-02-02	2	397	290
42476	87	109	2020-02-02	3	424	320
37421	80	114	2019-12-15	1	305	169
35545	78	115	2019-12-01	5	146	109
35546	78	118	2019-12-01	2	238	187
45176	90	41	2020-02-23	5	312	230
42111	86	61	2020-01-25	6	198	130
37422	80	114	2019-12-16	1	305	169
35557	78	60	2019-12-01	2	455	250
44955	90	64	2020-02-24	5	317	205
44081	90	59	2020-02-23	2	545	260
35556	78	270	2019-12-01	2	392	210
35558	78	59	2019-12-01	2	572	260
36131	79	117	2019-12-06	6	211	163
36135	79	117	2019-12-08	5	211	163
36137	79	55	2019-12-06	2	308	230
36138	79	55	2019-12-07	2	308	230
36140	79	119	2019-12-08	1	341	274
36869	80	55	2019-12-13	2	308	230
42473	87	109	2020-02-01	3	460	340
36870	80	55	2019-12-14	2	308	230
36872	80	54	2019-12-15	1	276	170
37427	80	97	2019-12-16	1	460	235
39000	81	2	2019-12-27	5	334	265
39001	81	3	2019-12-27	5	384	295
39002	81	3	2019-12-28	5	399	310
39003	81	2	2019-12-29	10	369	280
39004	81	3	2019-12-29	5	419	310
36132	79	118	2019-12-06	3	257	202
36134	79	116	2019-12-08	4	174	132
36139	79	54	2019-12-08	3	276	170
36141	79	54	2019-12-04	2	328	170
36871	80	55	2019-12-15	2	296	200
36133	79	115	2019-12-06	5	165	124
36136	79	118	2019-12-08	3	257	202
36158	79	33	2019-12-08	3	134	110
36142	79	55	2019-12-05	2	358	200
43977	88	106	2020-02-07	1	440	320
44008	88	28	2020-02-07	2	370	249
44035	88	97	2020-02-07	2	535	250
44036	88	92	2020-02-09	6	219	141
44069	89	270	2020-02-15	8	375	210
44075	89	59	2020-02-17	1	545	260
44080	90	60	2020-02-23	2	434	250
40599	84	28	2020-01-09	2	327	249
40601	84	28	2020-01-10	2	327	249
42125	86	110	2020-01-23	3	285	189
40602	84	29	2020-01-10	2	341	280
40603	84	28	2020-01-11	2	316	269
42135	86	112	2020-01-26	3	405	229
43978	88	106	2020-02-09	1	387	320
44009	88	28	2020-02-08	2	324	269
39959	85	111	2020-01-19	2	325	209
36159	79	76	2019-12-08	1	260	165
42126	86	111	2020-01-23	3	325	209
42129	86	112	2020-01-24	3	405	229
39047	81	16	2019-12-27	1	284	211
39048	81	16	2019-12-28	1	284	211
44071	89	270	2020-02-16	3	375	210
44072	89	270	2020-02-17	3	375	210
40600	84	29	2020-01-09	2	341	279
43979	88	104	2020-02-07	1	380	190
44010	88	29	2020-02-08	2	335	280
44015	88	29	2020-02-14	2	382	280
42481	87	124	2020-02-02	1	263	198
42485	87	124	2020-02-03	1	263	198
44073	89	60	2020-02-17	1	434	250
42470	87	109	2020-01-30	3	424	320
42479	87	109	2020-02-14	6	496	320
40604	84	29	2020-01-11	2	330	280
42127	86	112	2020-01-23	3	405	229
44083	88	281	2020-02-07	1	520	265
43980	88	104	2020-02-08	1	360	190
44011	88	28	2020-02-09	2	313	249
40605	84	28	2020-01-12	2	315	249
40606	84	29	2020-01-12	2	328	280
42128	86	113	2020-01-23	3	435	249
42130	86	113	2020-01-24	3	475	249
42132	86	110	2020-01-24	3	285	189
42134	86	111	2020-01-26	3	325	209
42487	87	125	2020-02-03	1	350	249
43981	88	104	2020-02-09	1	333	190
44084	88	97	2020-02-08	1	535	250
42131	86	111	2020-01-24	3	325	209
44085	88	281	2020-02-08	1	620	265
42471	87	107	2020-01-31	2	397	290
42472	87	109	2020-01-31	2	424	320
44013	88	29	2020-02-10	2	371	280
42133	86	110	2020-01-26	3	285	189
42136	86	113	2020-01-26	3	435	249
42478	87	109	2020-02-03	4	460	320
44014	88	28	2020-02-14	2	367	249
44077	90	270	2020-02-21	4	375	210
44121	89	37	2020-02-16	5	225	155
44078	90	270	2020-02-22	7	375	210
45207	90	78	2020-02-23	2	334	205
39050	81	16	2019-12-30	1	310	243
44122	89	38	2020-02-16	7	265	190
42480	87	123	2020-02-02	1	234	177
45209	90	79	2020-02-23	3	354	235
43570	88	37	2020-02-07	6	285	160
36892	80	37	2019-12-12	2	290	170
36895	80	38	2019-12-13	3	330	210
36897	80	37	2019-12-15	6	230	155
36899	80	39	2019-12-15	1	365	240
39022	81	16	2019-12-24	1	216	150
44079	90	270	2020-02-23	3	375	210
36893	80	38	2019-12-12	2	330	210
36894	80	37	2019-12-13	6	290	170
36896	80	38	2019-12-14	6	350	210
41761	86	104	2020-01-27	2	396	230
41771	86	107	2020-01-23	2	460	290
41772	86	109	2020-01-23	2	496	320
41778	86	109	2020-01-26	2	424	320
41779	86	107	2020-01-27	2	429	290
42484	87	123	2020-02-03	1	235	177
42486	87	122	2020-02-03	1	292	220
36898	80	38	2019-12-15	3	270	190
43989	88	38	2020-02-10	2	320	190
41780	86	109	2020-01-27	2	460	320
41757	86	104	2020-01-23	2	316	190
39044	81	16	2019-12-25	3	207	142
39046	81	16	2019-12-26	2	227	142
41758	86	104	2020-01-24	3	328	190
39045	81	18	2019-12-25	1	225	158
41759	86	104	2020-01-25	3	342	190
36234	79	126	2019-12-04	1	646	480
36242	79	125	2019-12-08	2	310	249
36247	80	124	2019-12-13	1	258	207
36248	80	122	2019-12-13	1	287	229
36261	81	125	2019-12-20	1	327	249
36263	81	124	2019-12-21	1	247	198
36270	79	2	2019-12-04	5	394	315
36271	79	4	2019-12-04	1	894	450
36272	79	3	2019-12-04	5	444	345
36273	79	2	2019-12-05	5	394	315
36274	79	4	2019-12-05	1	894	450
36275	79	3	2019-12-05	5	444	345
36276	79	2	2019-12-06	9	305	245
36277	79	4	2019-12-06	1	804	450
36278	79	3	2019-12-06	5	354	275
42512	87	87	2020-02-02	5	300	239
39049	81	16	2019-12-29	1	284	211
41760	86	104	2020-01-26	3	342	190
36236	79	126	2019-12-08	1	599	464
36240	79	124	2019-12-08	2	239	192
36243	79	123	2019-12-07	1	264	200
36253	80	125	2019-12-14	1	342	249
36258	81	123	2019-12-20	1	220	177
36266	81	123	2019-12-22	1	220	177
36279	79	2	2019-12-07	9	334	265
36281	79	3	2019-12-07	6	384	295
45215	90	281	2020-02-21	4	620	265
45219	90	98	2020-02-23	1	730	325
45221	90	281	2020-02-24	3	820	265
45222	90	98	2020-02-24	3	1030	325
36233	79	126	2019-12-05	1	708	460
36239	79	123	2019-12-08	2	213	170
36245	79	123	2019-12-09	2	264	200
36249	80	125	2019-12-13	1	342	249
36254	80	123	2019-12-15	1	230	185
36255	80	124	2019-12-15	1	258	207
36256	80	122	2019-12-15	1	287	229
36260	81	122	2019-12-20	1	274	220
36265	81	125	2019-12-21	1	327	249
36268	81	122	2019-12-22	1	274	220
36269	81	125	2019-12-22	1	327	249
42837	87	28	2020-02-01	3	357	269
42840	87	41	2020-01-31	3	320	270
38549	81	435	2019-12-19	2	258	149
43477	88	281	2020-02-06	1	600	265
45214	90	97	2020-02-21	2	535	250
45220	90	97	2020-02-24	3	705	250
35625	78	55	2019-12-01	3	296	200
36235	79	126	2019-12-06	1	700	490
36238	79	123	2019-12-04	1	264	200
36241	79	122	2019-12-08	2	264	210
36244	79	123	2019-12-06	2	264	200
36246	80	123	2019-12-13	1	230	185
36259	81	124	2019-12-20	1	247	198
38550	81	435	2019-12-20	3	248	149
41776	86	109	2020-01-25	1	460	340
43478	88	98	2020-02-06	1	730	325
45216	90	98	2020-02-22	2	750	325
43680	88	117	2020-02-07	6	211	163
45217	90	97	2020-02-23	5	505	250
45218	90	281	2020-02-23	3	590	265
36237	79	126	2019-12-09	1	618	464
36257	80	125	2019-12-15	1	342	249
36262	81	123	2019-12-21	1	220	177
36264	81	122	2019-12-21	1	274	220
41777	86	107	2020-01-26	2	397	290
41782	86	109	2020-02-14	2	460	320
38551	81	114	2019-12-19	2	313	179
42845	87	29	2020-02-03	3	424	280
36282	79	2	2019-12-08	5	334	245
36283	79	4	2019-12-08	1	794	450
36284	79	3	2019-12-08	5	384	275
38035	81	107	2019-12-18	3	440	290
38552	81	114	2019-12-20	2	304	179
42838	87	29	2020-02-01	2	371	280
36285	79	2	2019-12-09	5	334	265
36286	79	4	2019-12-09	1	834	450
36287	79	3	2019-12-09	5	384	295
44999	90	16	2020-02-21	1	234	143
38553	81	114	2019-12-21	2	351	189
38557	81	114	2019-12-24	3	250	169
41773	86	107	2020-01-24	2	429	290
41774	86	109	2020-01-24	2	460	320
41781	86	107	2020-02-14	4	429	290
42510	87	89	2020-02-02	1	361	299
42511	87	88	2020-02-02	4	322	269
42513	87	92	2020-02-02	6	210	141
42835	87	28	2020-01-31	3	346	249
36296	79	84	2019-12-06	2	227	145
36297	79	85	2019-12-06	2	235	165
36300	79	84	2019-12-08	2	211	145
38036	81	109	2019-12-18	3	470	320
42839	87	40	2020-01-31	2	280	240
38554	81	435	2019-12-23	1	266	139
42844	87	29	2020-02-02	3	345	280
41775	86	107	2020-01-25	2	429	310
42836	87	29	2020-01-31	2	360	280
45000	90	16	2020-02-22	1	242	149
38555	81	114	2019-12-23	2	321	169
42841	87	40	2020-02-02	5	270	200
45001	90	16	2020-02-23	1	226	134
36299	79	85	2019-12-07	2	235	189
42842	87	41	2020-02-02	3	312	230
38556	81	435	2019-12-25	3	250	149
43681	88	118	2020-02-07	3	257	202
36298	79	84	2019-12-07	2	227	169
36301	79	85	2019-12-08	3	219	165
38558	81	114	2019-12-25	2	305	219
42843	87	28	2020-02-02	3	333	249
42846	87	33	2020-02-02	3	172	107
43687	88	118	2020-02-09	2	312	249
43689	88	76	2020-02-09	1	252	165
43688	88	120	2020-02-09	1	340	274
36959	80	16	2019-12-13	1	241	158
36960	80	24	2019-12-14	1	1074	745
36961	80	16	2019-12-14	1	278	194
36962	80	16	2019-12-15	1	225	150
42852	87	115	2020-01-31	5	165	124
42855	87	118	2020-01-31	1	257	202
45008	90	92	2020-02-21	5	219	175
42853	87	116	2020-01-31	5	174	132
42861	87	119	2020-02-01	1	340	274
45009	90	92	2020-02-23	8	202	141
43678	88	115	2020-02-07	6	165	124
43682	88	117	2020-02-08	6	248	190
43683	88	118	2020-02-08	3	294	229
42854	87	117	2020-01-31	3	211	163
42856	87	120	2020-01-31	1	340	274
42857	87	116	2020-02-01	5	195	148
43686	88	117	2020-02-09	4	266	210
43498	88	78	2020-02-09	2	342	205
43499	88	79	2020-02-09	3	362	235
42858	87	117	2020-02-01	5	229	179
45012	90	59	2020-02-22	2	545	260
40701	84	116	2020-01-12	5	174	132
41799	86	77	2020-01-26	1	266	195
42859	87	118	2020-02-01	2	275	218
45013	90	270	2020-02-24	2	425	210
45015	90	59	2020-02-24	2	610	260
45016	90	29	2020-02-24	2	345	280
40698	84	117	2020-01-11	5	247	195
40699	84	118	2020-01-11	3	293	234
43500	88	77	2020-02-09	3	292	195
43510	88	109	2020-02-10	2	532	320
41800	86	78	2020-01-26	2	366	205
40692	84	116	2020-01-10	5	174	132
40693	84	117	2020-01-10	5	211	163
40697	84	116	2020-01-11	5	211	163
43501	88	107	2020-02-06	2	429	290
40702	84	117	2020-01-12	5	211	163
43509	88	107	2020-02-10	2	496	290
41818	86	97	2020-01-26	4	505	250
42860	87	120	2020-02-01	1	340	274
44419	89	98	2020-02-15	1	1040	325
45014	90	60	2020-02-24	1	491	250
44418	89	97	2020-02-15	3	715	250
44429	89	98	2020-02-17	2	730	325
42862	87	116	2020-02-02	5	165	124
41801	86	79	2020-01-26	1	376	235
43502	88	109	2020-02-06	2	460	320
42863	87	117	2020-02-02	5	201	155
43503	88	107	2020-02-07	2	397	290
44420	89	97	2020-02-16	2	425	250
44426	89	98	2020-02-16	1	730	325
44427	89	97	2020-02-17	2	460	250
43504	88	109	2020-02-07	2	424	320
38572	81	16	2019-12-20	1	224	141
38573	81	16	2019-12-21	1	235	141
38574	81	24	2019-12-22	1	1074	745
38575	81	16	2019-12-22	1	224	141
42864	87	118	2020-02-02	2	247	195
42865	87	120	2020-02-02	1	340	274
44425	89	281	2020-02-16	2	510	265
43505	88	107	2020-02-08	2	429	310
43506	88	109	2020-02-08	2	460	340
43511	88	109	2020-02-14	8	460	320
37002	80	104	2019-12-13	4	369	190
37004	80	104	2019-12-15	4	329	190
44428	89	281	2020-02-17	2	600	265
40695	84	120	2020-01-10	1	340	273
40700	84	120	2020-01-11	1	340	274
40704	84	119	2020-01-11	1	340	274
40705	84	120	2020-01-12	1	340	274
40706	84	119	2020-01-12	1	340	274
42866	87	119	2020-02-02	1	340	274
43507	88	107	2020-02-09	2	397	290
43508	88	109	2020-02-09	2	424	320
41819	86	98	2020-01-26	3	720	325
39097	81	125	2019-12-26	1	398	249
44202	89	166	2020-02-14	2	138	119
43512	88	89	2020-02-06	2	392	289
40694	84	118	2020-01-10	3	257	202
42874	87	38	2020-02-01	4	335	210
43513	88	88	2020-02-06	4	347	279
43517	88	87	2020-02-09	7	280	239
42878	87	38	2020-02-02	2	275	190
40696	84	119	2020-01-10	1	340	273
41820	86	97	2020-01-27	4	505	250
42872	87	37	2020-01-31	4	270	160
42877	87	37	2020-02-02	4	235	155
43514	88	87	2020-02-06	5	320	249
37001	80	104	2019-12-12	3	370	190
40703	84	118	2020-01-12	3	257	202
41821	86	98	2020-01-27	4	720	325
42873	87	38	2020-01-31	2	310	190
43515	88	89	2020-02-07	2	392	309
43520	88	87	2020-02-07	1	320	249
37003	80	104	2019-12-14	2	351	190
36373	79	435	2019-12-04	4	265	149
45037	90	40	2020-02-21	2	280	225
43516	88	88	2020-02-07	1	347	279
36374	79	435	2019-12-05	4	297	149
45038	90	40	2020-02-22	1	290	235
36375	79	435	2019-12-07	1	266	169
36376	79	435	2019-12-06	1	266	149
45039	90	40	2020-02-23	3	272	200
37038	80	29	2019-12-14	1	535	280
37041	80	29	2019-12-15	3	535	280
36377	79	435	2019-12-08	3	266	139
43721	88	33	2020-02-09	3	190	107
45040	90	5	2020-02-23	3	367	180
45041	90	1	2020-02-23	3	322	170
36378	79	114	2019-12-09	4	258	169
36382	79	37	2019-12-04	3	260	155
37040	80	28	2019-12-15	3	510	249
36384	79	37	2019-12-05	2	280	170
36385	79	38	2019-12-05	1	320	210
36386	79	39	2019-12-06	2	445	250
36387	79	37	2019-12-07	5	270	170
36389	79	38	2019-12-08	3	270	190
45042	90	1	2020-02-24	3	372	210
36388	79	37	2019-12-08	2	230	155
43533	88	16	2020-02-07	1	311	175.5
43534	88	16	2020-02-08	1	311	175.5
43535	88	16	2020-02-09	1	295	166.5
45043	90	5	2020-02-24	3	422	230
36383	79	38	2019-12-04	3	300	190
36390	79	37	2019-12-09	2	280	155
36391	79	38	2019-12-09	2	320	190
39110	81	97	2019-12-29	4	655	235
37039	80	28	2019-12-14	1	510	269
37545	81	98	2019-12-22	1	758	310
40733	84	125	2020-01-11	2	342	249
43741	88	55	2020-02-08	1	308	230
35677	78	33	2019-12-01	3	137	110
40731	84	125	2020-01-12	2	342	249
40732	84	122	2020-01-12	2	287	229
40734	84	122	2020-01-11	2	287	229
37538	81	97	2019-12-20	5	542	235
37539	81	98	2019-12-20	2	776	310
37543	81	281	2019-12-22	2	605	255
40735	84	125	2020-01-10	2	342	249
40738	84	122	2020-01-09	2	287	220
38111	81	33	2019-12-20	1	134	107
35684	78	2	2019-12-01	6	314	245
35685	78	4	2019-12-01	1	784	450
35686	78	3	2019-12-01	5	364	275
38112	81	33	2019-12-21	1	143	114
40736	84	122	2020-01-10	2	287	229
37540	81	281	2019-12-21	1	542	255
38113	81	33	2019-12-22	3	134	107
40737	84	125	2020-01-09	2	342	249
43740	88	54	2020-02-09	2	278	170
37542	81	98	2019-12-21	1	776	310
43742	88	55	2020-02-07	1	308	230
45470	90	124	2020-02-21	1	263	219
45497	90	59	2020-02-21	1	545	300
45550	90	104	2020-02-21	3	380	190
45566	90	39	2020-02-22	1	390	250
45586	90	114	2020-02-22	1	423	189
45471	90	122	2020-02-21	1	292	229
45498	90	116	2020-02-23	4	183	140
45551	90	104	2020-02-22	3	380	190
45587	90	114	2020-02-21	1	423	179
35693	78	50	2019-12-01	1	307	207
35694	78	52	2019-12-01	2	399	303
45552	90	104	2020-02-23	3	380	190
43746	88	54	2020-02-10	1	278	170
43772	88	84	2020-02-09	1	206	145
45472	90	125	2020-02-21	2	350	249
45589	90	435	2020-02-22	1	353	169
35703	78	120	2019-12-01	1	341	274
39141	81	120	2019-12-27	2	341	274
39148	81	38	2019-12-28	4	410	210
45473	90	125	2020-02-22	1	350	249
41886	86	40	2020-01-24	2	339	240
41889	86	40	2020-01-26	3	255	200
45553	90	104	2020-02-24	3	380	230
45345	90	54	2020-02-24	2	325	180
39142	81	118	2019-12-27	2	321	258
43773	88	85	2020-02-09	2	215	165
41887	86	41	2020-01-24	2	380	270
42604	87	270	2020-02-01	3	375	210
45342	90	54	2020-02-21	2	278	180
45343	90	54	2020-02-22	3	308	180
39143	81	37	2019-12-26	1	250	170
45475	90	124	2020-02-22	1	263	219
42603	87	59	2020-01-31	1	545	260
45344	90	54	2020-02-23	2	278	170
45476	90	125	2020-02-23	1	350	249
41891	86	41	2020-01-26	2	292	230
43767	88	85	2020-02-06	2	224	165
42601	87	270	2020-01-31	1	375	210
39145	81	37	2019-12-27	3	330	170
42608	87	270	2020-02-02	3	375	210
45477	90	122	2020-02-23	1	292	220
35711	78	38	2019-12-01	2	290	190
39147	81	37	2019-12-28	4	370	170
39149	81	37	2019-12-29	4	370	170
39152	81	38	2019-12-30	1	420	210
45478	90	123	2020-02-24	1	235	177
45480	90	122	2020-02-24	1	292	220
42598	87	270	2020-01-30	2	375	210
45371	90	38	2020-02-22	4	295	210
45611	90	435	2020-02-24	1	316	139
37559	81	29	2019-12-21	3	348	280
38624	81	435	2019-12-24	3	252	139
39150	81	38	2019-12-29	3	410	210
40768	84	2	2020-01-10	5	340	270
40769	84	4	2020-01-10	1	553	500
40770	84	3	2020-01-10	5	390	300
42599	87	60	2020-01-30	1	434	250
42611	87	270	2020-02-03	2	375	210
45479	90	124	2020-02-24	1	263	198
37560	81	28	2019-12-21	2	335	269
37563	81	28	2019-12-22	2	335	249
39151	81	37	2019-12-30	3	380	170
45533	90	60	2020-02-22	1	434	250
40771	84	2	2020-01-11	12	360	285
40772	84	4	2020-01-11	1	567	500
40773	84	3	2020-01-11	5	410	315
45365	90	39	2020-02-23	2	355	230
43768	88	85	2020-02-07	2	224	165
42600	87	59	2020-01-30	1	545	260
43770	88	85	2020-02-08	2	248	189
45481	90	125	2020-02-24	1	350	249
37561	81	29	2019-12-20	3	348	280
42612	87	60	2020-02-03	2	434	250
40774	84	2	2020-01-12	5	340	270
40775	84	4	2020-01-12	1	553	500
40776	84	3	2020-01-12	5	390	300
42602	87	60	2020-01-31	1	434	250
42610	87	59	2020-02-02	2	545	260
37562	81	28	2019-12-20	2	335	249
37565	81	29	2019-12-23	2	362	280
40777	84	16	2020-01-10	1	310	158
40778	84	16	2020-01-11	1	327	170
40779	84	24	2020-01-12	1	1284	750
40780	84	16	2020-01-12	2	294	150
42609	87	60	2020-02-02	2	434	250
42339	87	110	2020-01-31	3	305	189
37564	81	29	2019-12-22	3	348	280
36445	79	38	2019-12-06	2	350	210
43769	88	84	2020-02-07	1	215	145
44492	89	33	2020-02-16	3	163	107
41936	86	92	2020-01-27	5	237	164
45363	90	37	2020-02-23	6	220	155
45364	90	38	2020-02-23	4	260	190
45485	90	117	2020-02-22	5	266	210
43771	88	84	2020-02-08	1	239	169
42613	87	59	2020-02-03	2	545	260
39163	81	118	2019-12-28	2	340	273
39168	81	120	2019-12-29	1	438	352
45407	90	3	2020-02-23	3	350	280
45408	90	2	2020-02-23	5	300	250
45486	90	118	2020-02-22	3	312	249
45499	90	117	2020-02-23	6	220	171
44503	89	118	2020-02-14	2	312	249
45487	90	120	2020-02-22	2	340	274
45488	90	116	2020-02-21	5	192	148
45404	90	2	2020-02-21	4	320	260
45411	90	61	2020-02-23	4	229	130
45412	90	62	2020-02-23	2	243	140
39167	81	115	2019-12-28	3	247	195
45402	90	3	2020-02-21	3	370	290
45489	90	117	2020-02-21	5	229	179
39169	81	118	2019-12-29	2	340	273
44273	89	107	2020-02-15	3	418	310
44502	89	117	2020-02-14	4	266	210
41933	86	94	2020-01-24	1	263	218
45405	90	3	2020-02-22	5	390	305
45406	90	2	2020-02-22	15	340	275
45409	90	61	2020-02-21	4	278	160
45410	90	62	2020-02-21	2	291	170
45490	90	118	2020-02-21	3	275	218.5
45500	90	118	2020-02-23	3	266	210
41934	86	92	2020-01-24	6	237	193
44505	89	117	2020-02-16	5	201	155
45491	90	119	2020-02-21	2	340	274
45496	90	60	2020-02-21	1	495	250
37105	80	117	2019-12-13	5	229	179
37121	80	116	2019-12-15	5	155	116
37122	80	117	2019-12-15	10	192	148
37123	80	118	2019-12-15	1	238	187
37131	80	2	2019-12-13	5	305	245
37133	80	3	2019-12-13	5	354	275
44506	89	116	2020-02-16	5	165	124
45501	90	120	2020-02-23	2	340	274
44274	89	109	2020-02-15	6	449	340
37104	80	116	2019-12-13	5	192	148
37594	81	92	2019-12-23	10	208	155
41937	86	92	2020-01-26	8	210	141
37106	80	118	2019-12-13	2	288	229
37134	80	2	2019-12-14	9	334	265
37135	80	4	2019-12-14	1	834	450
37136	80	3	2019-12-14	7	384	295
37592	81	92	2019-12-20	4	228	170
37595	81	94	2019-12-23	1	234	180
37599	81	94	2019-12-25	2	234	180
44512	89	116	2020-02-15	5	229	180
42974	87	64	2020-02-14	5	325	285
35732	78	109	2019-12-01	2	424	280
35735	78	117	2019-12-01	5	192	148
37591	81	92	2019-12-19	7	228	170
44513	89	117	2020-02-15	4	266	210
35733	78	107	2019-12-01	1	397	250
36461	79	104	2019-12-04	4	435	190
36464	79	104	2019-12-06	3	400	190
37137	80	2	2019-12-15	7	334	245
37138	80	4	2019-12-15	1	794	450
37139	80	3	2019-12-15	5	384	275
37143	80	33	2019-12-15	3	172	110
37596	81	92	2019-12-24	10	208	155
44272	89	107	2020-02-16	4	387	290
44275	89	109	2020-02-16	4	413	320
44276	89	107	2020-02-17	4	387	290
44514	89	120	2020-02-14	2	340	274
44516	89	120	2020-02-15	1	340	274
43795	88	40	2020-02-07	10	299	240
43801	88	41	2020-02-09	10	297	230
37597	81	94	2019-12-24	2	234	180
36463	79	104	2019-12-05	4	415	190
44277	89	109	2020-02-17	4	413	320
44515	89	118	2020-02-15	2	312	249
36465	79	104	2019-12-07	2	400	190
43797	88	61	2020-02-08	8	224	150
43798	88	61	2020-02-09	8	206	140
37598	81	92	2019-12-25	7	208	155
37120	80	117	2019-12-14	8	247	195
43799	88	40	2020-02-08	6	298	240
44519	89	64	2020-02-15	5	317	235
44520	89	64	2020-02-16	5	253	205
36468	79	104	2019-12-09	2	315	190
39188	81	109	2019-12-27	2	676	320
43800	88	40	2020-02-09	2	260	200
44521	89	64	2020-02-17	5	269	225
36471	79	38	2019-12-07	4	350	210
38202	81	2	2019-12-20	5	305	245
38204	81	3	2019-12-20	5	354	275
38207	81	3	2019-12-21	3	384	295
38208	81	2	2019-12-22	5	314	245
38209	81	4	2019-12-22	1	784	450
38210	81	3	2019-12-22	5	364	275
37154	80	2	2019-12-16	5	305	245
37155	80	4	2019-12-16	1	804	450
37156	80	3	2019-12-16	5	354	275
39187	81	107	2019-12-27	2	627	290
39190	81	109	2019-12-28	1	676	340
38220	81	2	2019-12-24	5	305	245
38221	81	4	2019-12-24	1	804	450
38222	81	3	2019-12-24	5	354	275
39189	81	107	2019-12-28	1	627	310
37153	80	3	2019-12-12	5	444	345
35745	78	85	2019-12-01	2	235	165
44527	89	92	2020-02-16	7	210	141
45453	90	107	2020-02-21	2	429	290
45456	90	107	2020-02-23	2	397	290
44528	89	92	2020-02-17	7	227	164
45454	90	109	2020-02-21	4	460	320
45455	90	107	2020-02-22	2	466	310
38217	81	2	2019-12-23	5	305	245
38218	81	4	2019-12-23	1	804	450
38219	81	3	2019-12-23	5	354	275
45457	90	109	2020-02-23	2	424	320
37160	80	2	2019-12-12	5	394	315
38223	81	2	2019-12-25	5	305	245
38224	81	4	2019-12-25	1	804	450
38225	81	3	2019-12-25	5	354	275
45458	90	109	2020-02-24	3	460	320
42695	87	97	2020-01-30	2	505	250
42696	87	281	2020-01-30	2	590	265
37167	80	112	2019-12-12	4	425	289
45459	90	109	2020-02-22	2	496	340
42697	87	98	2020-01-30	2	720	325
42702	87	281	2020-02-02	1	590	265
42706	87	98	2020-02-03	1	720	325
37162	80	64	2019-12-12	2	351	225
37168	80	113	2019-12-12	3	595	359
37172	80	110	2019-12-13	4	305	199
37174	80	112	2019-12-13	3	425	264
42698	87	97	2020-01-31	1	525	250
42700	87	98	2020-01-31	1	740	325
37163	80	111	2019-12-12	4	345	249
37181	80	110	2019-12-15	4	305	159
42699	87	281	2020-01-31	2	610	265
42701	87	97	2020-02-02	2	505	250
42707	87	50	2020-02-02	2	270	225
42708	87	56	2020-02-02	1	445	295
42709	87	53	2020-02-02	2	408	265
43002	87	55	2020-01-31	1	338	230
43003	87	55	2020-02-01	1	338	230
35752	78	87	2019-12-01	4	300	239
44542	89	61	2020-02-15	3	247	160
42704	87	97	2020-02-03	3	505	250
43004	87	55	2020-02-02	1	308	200
43038	87	84	2020-02-02	2	234	145
43039	87	85	2020-02-02	2	243	165
37169	80	110	2019-12-12	4	285	199
42705	87	281	2020-02-03	2	590	265
43005	87	54	2020-02-02	2	278	170
44318	89	16	2020-02-14	1	311	252
44319	89	16	2020-02-15	1	295	234
44320	89	16	2020-02-16	1	226	158
44541	89	62	2020-02-15	4	261	170
37175	80	113	2019-12-13	1	595	320
37657	81	37	2019-12-20	7	270	170
42710	87	78	2020-02-02	2	398	205
44543	89	61	2020-02-16	5	179	130
35755	78	97	2019-12-01	4	466	235
37225	80	84	2019-12-12	1	257	145
44544	89	62	2020-02-16	2	192	140
35756	78	281	2019-12-01	2	542	255
36509	79	97	2019-12-04	2	466	235
37199	80	64	2019-12-13	3	332	225
44547	89	54	2020-02-14	2	290	180
44549	89	54	2020-02-15	1	290	180
43034	87	84	2020-02-01	1	234	169
44551	89	55	2020-02-16	1	308	200
37180	80	111	2019-12-15	4	345	179
35757	78	98	2019-12-01	2	659	310
36515	79	98	2019-12-05	2	758	310
36520	79	98	2019-12-06	1	776	310
37183	80	113	2019-12-15	3	440	219
37659	81	38	2019-12-21	3	310	210
37182	80	112	2019-12-15	4	425	199
43030	87	84	2020-01-31	2	234	145
43035	87	85	2020-02-01	3	243	189
44548	89	55	2020-02-14	3	320	230
36510	79	98	2019-12-04	1	659	310
37661	81	38	2019-12-22	3	280	190
43376	88	60	2020-02-08	1	434	250
44550	89	54	2020-02-16	2	278	170
43032	87	85	2020-01-31	2	243	165
35765	78	104	2019-12-01	4	387	190
37654	81	37	2019-12-19	3	270	170
38261	81	55	2019-12-20	2	296	230
38262	81	55	2019-12-21	2	296	230
37200	80	64	2019-12-14	5	332	225
36514	79	97	2019-12-05	2	524	235
36522	79	98	2019-12-07	1	776	310
36534	79	97	2019-12-09	3	466	235
37655	81	38	2019-12-20	3	310	210
37660	81	37	2019-12-22	7	240	155
38263	81	54	2019-12-22	2	276	170
37201	80	64	2019-12-15	5	292	199
36517	79	97	2019-12-06	1	542	235
36527	79	98	2019-12-08	3	659	310
37653	81	38	2019-12-19	3	310	210
37666	81	37	2019-12-25	3	240	170
38264	81	55	2019-12-19	1	328	200
43066	87	1	2020-01-31	2	245	200
44554	89	2	2020-02-14	35	340	275
44556	89	3	2020-02-14	12	390	305
37228	80	84	2019-12-14	3	233	169
44559	89	3	2020-02-15	18	390	305
36521	79	97	2019-12-07	2	542	235
37662	81	37	2019-12-23	3	240	155
37663	81	38	2019-12-23	3	280	190
37665	81	38	2019-12-24	3	280	190
37667	81	38	2019-12-25	3	280	210
43871	88	435	2020-02-07	10	274	149
44557	89	2	2020-02-15	29	340	275
37226	80	84	2019-12-13	3	233	145
37227	80	85	2019-12-13	2	243	165
36524	79	97	2019-12-08	2	466	235
37664	81	37	2019-12-24	3	240	155
44338	89	40	2020-02-16	10	272	200
44560	89	2	2020-02-16	10	304	250
44561	89	4	2020-02-16	1	800	500
44562	89	3	2020-02-16	7	350	280
37229	80	84	2019-12-15	2	224	145
43873	88	435	2020-02-09	10	254	139
44339	89	41	2020-02-16	10	312	230
37230	80	85	2019-12-15	2	233	165
37236	80	435	2019-12-12	1	286	149
37238	80	114	2019-12-12	2	325	179
37231	80	84	2019-12-16	2	233	145
37232	80	85	2019-12-16	2	243	165
43876	88	114	2020-02-09	1	284	169
35776	78	435	2019-12-01	5	248	139
37233	80	435	2019-12-15	3	220	139
37239	80	435	2019-12-16	3	234	139
43877	88	114	2020-02-06	1	284	179
37235	80	435	2019-12-13	4	279	149
35777	78	76	2019-12-01	2	266	165
36533	79	281	2019-12-09	3	542	255
43067	87	5	2020-02-02	2	210	170
37237	80	114	2019-12-13	1	321	179
35778	78	77	2019-12-01	2	306	185
36535	79	98	2019-12-09	1	659	310
37684	81	119	2019-12-20	1	341	274
37691	81	119	2019-12-21	1	341	274
35779	78	78	2019-12-01	2	366	248
37685	81	118	2019-12-20	2	257	202
35780	78	79	2019-12-01	2	376	289
36538	79	37	2019-12-06	2	310	170
37686	81	117	2019-12-20	5	211	163
37688	81	116	2019-12-21	5	192	148
37693	81	116	2019-12-22	5	155	116
37695	81	118	2019-12-22	1	238	187
37687	81	116	2019-12-20	5	174	132
35781	78	37	2019-12-01	1	250	155
37689	81	117	2019-12-21	7	229	179
37690	81	118	2019-12-21	1	275	218
37692	81	117	2019-12-22	8	192	148
37253	80	37	2019-12-14	4	310	170
37254	80	38	2019-12-16	3	320	190
37694	81	119	2019-12-22	1	341	274
37697	81	109	2019-12-19	4	460	320
37696	81	107	2019-12-19	4	429	290
37698	81	109	2019-12-20	4	424	310
37699	81	107	2019-12-20	4	397	280
37700	81	107	2019-12-21	4	460	310
37706	81	107	2019-12-24	4	429	290
36545	79	124	2019-12-07	1	278	219
37701	81	109	2019-12-21	4	496	340
37702	81	107	2019-12-22	4	429	260
37703	81	109	2019-12-22	4	460	290
37704	81	107	2019-12-23	4	429	290
37707	81	109	2019-12-24	4	460	320
37705	81	109	2019-12-23	4	460	320
39261	81	1	2019-12-26	2	272	210
37709	81	107	2019-12-25	4	460	290
36550	79	109	2019-12-08	2	391	280
39262	81	1	2019-12-30	2	365	210
37263	80	110	2019-12-16	3	305	159
37711	81	109	2019-12-25	4	496	320
43085	87	435	2020-01-30	5	242	149
37264	80	111	2019-12-16	3	345	179
35796	78	167	2019-12-01	1	199	160
35797	78	166	2019-12-01	2	162	119
37265	80	112	2019-12-16	3	425	199
43086	87	435	2020-01-31	5	249	149
35798	78	165	2019-12-01	3	136	109
37266	80	113	2019-12-16	3	297	219
43088	87	435	2020-02-02	7	200	139
\.


--
-- Data for Name: reviews; Type: TABLE DATA; Schema: public; Owner: staycation
--

COPY public.reviews (id, hotel_id, user_id, score) FROM stdin;
39	5	9	8.80000000000000071
40	29	5	10
41	3	13	3.20000000000000018
42	21	7	10
43	17	5	9.19999999999999929
44	8	15	9.59999999999999964
45	2	14	10
46	16	2	3.60000000000000009
47	21	5	5.59999999999999964
48	28	3	8.40000000000000036
49	16	5	8
50	28	9	10
51	2	12	9.19999999999999929
52	25	13	10
53	21	8	9.59999999999999964
54	2	7	8.80000000000000071
55	28	3	9.19999999999999929
56	5	5	9.59999999999999964
57	5	5	8.80000000000000071
58	20	14	10
59	14	4	6.40000000000000036
60	29	6	10
61	19	14	10
62	18	8	10
63	15	10	8.80000000000000071
64	20	16	7.20000000000000018
65	1	18	9.19999999999999929
66	2	3	5.59999999999999964
67	5	17	7.59999999999999964
68	15	12	10
69	5	3	10
70	2	14	9.59999999999999964
71	15	10	8.80000000000000071
72	2	18	9.59999999999999964
73	2	14	9.19999999999999929
74	28	7	7.59999999999999964
75	5	1	9.59999999999999964
78	5	7	8.80000000000000071
79	5	14	10
80	2	6	10
81	20	17	9.19999999999999929
82	18	9	9.19999999999999929
83	25	4	10
84	2	13	10
85	28	8	9.19999999999999929
86	25	10	10
87	5	2	9.59999999999999964
88	4	14	9.59999999999999964
89	21	10	9.59999999999999964
90	13	12	8.40000000000000036
91	8	1	10
92	21	14	9.59999999999999964
93	24	8	9.19999999999999929
94	2	1	10
95	8	11	2.79999999999999982
96	15	2	8.40000000000000036
97	2	9	8.80000000000000071
98	19	4	9.19999999999999929
99	19	17	10
100	5	7	10
101	28	5	7.59999999999999964
102	28	3	8.40000000000000036
103	19	8	8.40000000000000036
104	19	5	9.19999999999999929
107	24	10	9.19999999999999929
108	19	2	7.59999999999999964
109	19	15	10
110	28	13	8.40000000000000036
111	28	7	8.80000000000000071
112	21	7	8.40000000000000036
113	6	10	8.80000000000000071
114	24	18	10
115	6	8	8.80000000000000071
116	4	9	9.59999999999999964
117	2	11	10
118	9	7	9.59999999999999964
121	28	8	9.19999999999999929
122	28	6	8
125	4	10	9.19999999999999929
126	25	15	10
127	16	13	9.19999999999999929
128	28	13	8.80000000000000071
129	14	10	6.40000000000000036
130	29	4	9.19999999999999929
131	26	10	8.80000000000000071
132	20	2	10
133	21	13	9.59999999999999964
134	1	14	6.40000000000000036
135	20	9	8
136	25	10	8.80000000000000071
137	16	7	9.19999999999999929
138	19	2	10
139	5	6	8.40000000000000036
140	2	17	9.19999999999999929
141	20	16	9.59999999999999964
142	11	4	9.19999999999999929
143	28	2	10
144	28	1	10
145	12	11	7.20000000000000018
146	28	6	7.20000000000000018
147	28	16	9.59999999999999964
148	14	13	10
149	28	7	8.40000000000000036
150	8	13	10
151	24	10	9.59999999999999964
152	18	9	8.40000000000000036
153	19	18	10
154	16	9	9.59999999999999964
155	26	11	10
156	9	3	10
157	28	4	10
158	20	16	9.59999999999999964
159	5	6	8.40000000000000036
160	20	13	6.79999999999999982
161	20	1	9.19999999999999929
162	5	12	10
163	16	10	9.59999999999999964
164	21	16	7.20000000000000018
165	19	18	8.80000000000000071
166	18	18	9.19999999999999929
167	2	14	6.40000000000000036
168	2	10	9.59999999999999964
169	5	12	10
170	7	18	6.79999999999999982
171	14	8	8.40000000000000036
172	4	12	9.59999999999999964
173	6	8	8.80000000000000071
174	4	10	10
175	5	16	10
176	2	7	7.59999999999999964
177	2	10	9.59999999999999964
178	28	12	10
179	20	17	8.40000000000000036
180	15	6	8.80000000000000071
181	28	13	10
182	19	5	10
183	18	1	10
184	5	14	10
185	16	14	8.80000000000000071
186	28	18	9.19999999999999929
187	12	11	9.59999999999999964
188	29	17	9.59999999999999964
189	2	17	8.40000000000000036
190	20	9	9.59999999999999964
191	24	2	9.59999999999999964
192	2	18	8.80000000000000071
193	29	7	8.80000000000000071
194	8	17	9.19999999999999929
195	28	7	10
196	5	16	10
197	20	17	6.79999999999999982
198	21	13	7.59999999999999964
199	25	13	9.19999999999999929
200	25	2	9.59999999999999964
201	5	16	9.59999999999999964
202	19	13	10
203	24	13	9.19999999999999929
204	3	4	8.80000000000000071
205	8	14	10
206	24	12	8
207	16	18	10
208	28	8	10
209	17	18	7.59999999999999964
210	17	8	9.59999999999999964
211	17	4	6.79999999999999982
212	15	7	9.19999999999999929
213	25	9	9.59999999999999964
214	11	11	9.19999999999999929
215	2	12	9.59999999999999964
216	20	2	8.40000000000000036
219	2	14	9.19999999999999929
220	2	6	10
221	16	12	7.59999999999999964
222	2	13	10
223	8	15	7.59999999999999964
224	24	3	8.40000000000000036
225	5	18	8
226	9	7	9.59999999999999964
227	20	3	10
228	5	15	9.59999999999999964
229	15	8	9.19999999999999929
232	5	10	9.59999999999999964
233	5	8	10
234	8	3	9.19999999999999929
235	15	18	7.59999999999999964
236	5	10	8.80000000000000071
237	25	3	9.59999999999999964
238	16	2	10
239	19	1	9.19999999999999929
240	19	1	10
241	28	7	9.19999999999999929
242	3	13	9.59999999999999964
243	5	6	6.79999999999999982
244	3	14	8.40000000000000036
245	28	15	9.59999999999999964
246	28	4	7.20000000000000018
247	28	7	10
248	28	13	9.19999999999999929
249	28	13	10
250	20	3	9.19999999999999929
251	28	13	9.59999999999999964
252	21	13	9.59999999999999964
253	28	4	8.40000000000000036
254	21	17	9.19999999999999929
255	28	14	8.80000000000000071
256	25	2	8.80000000000000071
257	4	11	8.40000000000000036
258	20	2	9.59999999999999964
259	11	11	9.19999999999999929
260	11	3	10
261	20	1	8.80000000000000071
262	20	14	9.59999999999999964
263	20	12	7.59999999999999964
266	28	17	9.19999999999999929
267	2	3	10
268	13	18	2.39999999999999991
271	28	18	9.59999999999999964
282	19	6	9.59999999999999964
283	15	4	8.80000000000000071
284	1	8	8.40000000000000036
285	29	14	10
286	25	5	9.59999999999999964
287	5	12	8.80000000000000071
288	6	13	8
289	2	6	5.20000000000000018
290	15	4	9.59999999999999964
291	3	3	8.40000000000000036
292	8	5	8
293	24	13	6
294	5	11	10
295	5	2	9.19999999999999929
296	2	18	6.79999999999999982
297	2	3	9.19999999999999929
298	25	5	9.19999999999999929
299	5	11	9.19999999999999929
300	28	5	8
301	2	3	10
302	2	9	9.59999999999999964
303	15	11	9.59999999999999964
304	11	8	8.80000000000000071
305	24	7	8.80000000000000071
306	2	15	9.59999999999999964
307	26	4	7.59999999999999964
308	20	6	2
309	16	12	9.59999999999999964
310	28	5	6.40000000000000036
311	24	14	9.19999999999999929
312	13	7	7.20000000000000018
313	14	16	8.40000000000000036
314	2	5	9.59999999999999964
315	25	9	10
316	16	5	9.19999999999999929
317	11	17	10
318	28	9	9.19999999999999929
319	5	16	7.20000000000000018
320	2	14	10
321	18	16	10
322	2	6	10
323	2	7	10
324	2	3	10
325	2	7	7.20000000000000018
328	5	11	6.79999999999999982
329	20	6	9.19999999999999929
330	9	5	8
331	7	2	8.40000000000000036
332	29	17	9.19999999999999929
333	18	16	8.40000000000000036
334	5	13	8.40000000000000036
335	14	9	8.40000000000000036
336	19	2	7.59999999999999964
337	20	2	6
338	15	8	9.19999999999999929
339	20	17	8.40000000000000036
340	28	9	10
351	19	16	8.40000000000000036
354	28	12	9.19999999999999929
355	2	17	10
356	28	18	10
357	5	9	7.20000000000000018
358	2	10	9.59999999999999964
359	8	10	9.19999999999999929
360	8	6	8.40000000000000036
361	8	5	8
362	28	12	8
363	5	11	10
364	5	13	9.19999999999999929
365	18	15	9.59999999999999964
366	25	14	9.19999999999999929
367	24	18	9.19999999999999929
368	13	15	9.19999999999999929
369	5	2	8
370	28	17	10
371	20	9	8.40000000000000036
372	19	3	10
373	29	18	8.40000000000000036
378	28	16	6.40000000000000036
387	18	11	5.20000000000000018
390	15	7	7.20000000000000018
391	8	7	8.80000000000000071
392	19	1	9.19999999999999929
393	8	9	6.40000000000000036
394	8	5	8.80000000000000071
395	5	12	8.40000000000000036
396	28	14	8
397	20	4	8.80000000000000071
398	8	18	8
399	28	10	8.80000000000000071
400	28	8	10
401	25	4	8.80000000000000071
402	5	18	9.59999999999999964
403	5	6	9.19999999999999929
404	3	6	7.59999999999999964
405	3	17	6.40000000000000036
406	2	10	10
407	21	5	10
408	5	3	9.59999999999999964
409	16	10	3.60000000000000009
410	28	1	9.19999999999999929
411	2	12	9.19999999999999929
412	19	8	7.59999999999999964
413	3	15	10
414	16	6	10
415	14	17	10
416	28	12	9.59999999999999964
417	28	10	8.40000000000000036
418	2	15	10
419	28	4	8.80000000000000071
420	8	7	10
421	28	10	2
422	12	5	10
423	5	15	10
424	29	16	10
425	5	11	9.19999999999999929
426	21	2	10
427	2	1	9.59999999999999964
428	19	15	9.19999999999999929
429	23	1	9.59999999999999964
430	11	12	9.19999999999999929
431	20	5	9.19999999999999929
432	5	12	8
433	28	13	10
434	21	1	8.40000000000000036
435	11	12	10
436	26	15	7.20000000000000018
437	19	17	10
438	14	1	9.19999999999999929
439	4	15	8
440	21	13	9.19999999999999929
441	26	6	9.59999999999999964
442	20	9	10
443	2	13	9.59999999999999964
444	28	7	4
445	5	18	6.79999999999999982
446	28	9	8
447	14	3	9.59999999999999964
448	7	2	8.40000000000000036
449	16	3	8.40000000000000036
450	16	4	6.79999999999999982
451	8	18	8
452	5	9	9.19999999999999929
453	15	16	10
454	21	10	10
455	11	6	10
456	8	3	9.59999999999999964
459	8	6	9.19999999999999929
460	7	12	9.59999999999999964
461	8	12	8.80000000000000071
462	14	3	10
463	11	6	9.59999999999999964
464	11	14	8.80000000000000071
465	2	6	8
466	8	2	8
467	16	11	7.59999999999999964
468	28	9	9.19999999999999929
469	24	12	9.19999999999999929
470	3	1	10
471	24	9	9.19999999999999929
472	26	4	10
473	2	4	9.19999999999999929
474	6	12	9.59999999999999964
475	6	1	9.59999999999999964
476	29	10	9.59999999999999964
477	14	15	10
478	15	5	8.80000000000000071
479	24	4	9.59999999999999964
480	25	15	9.59999999999999964
481	5	16	8.80000000000000071
482	24	10	7.59999999999999964
483	28	9	10
484	20	11	9.59999999999999964
485	26	10	8
486	5	13	9.19999999999999929
487	2	12	9.59999999999999964
488	14	14	9.59999999999999964
489	2	9	10
490	14	11	8.80000000000000071
491	12	5	10
492	14	2	6.79999999999999982
493	14	16	9.59999999999999964
494	14	6	10
495	2	5	8.40000000000000036
496	14	7	10
497	14	11	9.19999999999999929
498	28	15	8.40000000000000036
499	8	4	8.80000000000000071
500	28	7	8.80000000000000071
501	14	18	10
504	21	4	8.40000000000000036
505	28	3	10
506	14	2	9.19999999999999929
507	14	15	10
508	14	5	10
509	16	11	9.59999999999999964
510	16	9	7.59999999999999964
511	11	7	9.19999999999999929
512	2	11	10
513	8	7	9.19999999999999929
514	13	7	6.40000000000000036
515	1	2	10
516	28	9	10
517	28	10	9.59999999999999964
518	28	18	8.80000000000000071
519	8	1	9.59999999999999964
520	25	6	10
521	5	17	9.19999999999999929
522	1	18	9.19999999999999929
523	18	9	8.40000000000000036
524	23	14	8.40000000000000036
525	5	10	9.19999999999999929
526	2	14	9.19999999999999929
527	5	6	9.19999999999999929
528	28	18	10
529	28	12	8.80000000000000071
530	26	14	8.40000000000000036
531	3	16	9.19999999999999929
532	20	3	10
533	6	15	9.19999999999999929
534	5	13	8
535	28	14	9.59999999999999964
536	19	9	8
537	22	8	9.59999999999999964
538	29	3	9.59999999999999964
539	2	15	10
540	28	1	8.40000000000000036
541	29	5	9.19999999999999929
542	2	8	2
543	2	16	8.80000000000000071
544	20	11	9.59999999999999964
545	24	11	9.19999999999999929
546	5	8	10
547	12	4	10
548	28	15	7.59999999999999964
549	2	17	8.40000000000000036
550	29	2	6.79999999999999982
551	28	7	10
552	2	6	10
553	24	8	8.40000000000000036
554	4	16	9.59999999999999964
555	2	14	9.19999999999999929
556	2	18	9.59999999999999964
557	16	2	10
558	20	11	7.59999999999999964
559	4	3	7.59999999999999964
560	5	3	10
561	16	14	7.20000000000000018
562	17	16	8.40000000000000036
563	28	10	9.59999999999999964
564	9	7	9.19999999999999929
565	19	14	10
566	3	8	9.59999999999999964
567	5	14	6.79999999999999982
568	26	18	8
569	20	15	8
570	5	14	10
571	2	1	8
572	2	5	8
573	2	16	8.40000000000000036
574	16	12	9.19999999999999929
575	8	1	8.40000000000000036
576	18	1	9.59999999999999964
577	24	18	8.80000000000000071
578	15	7	6.79999999999999982
579	11	13	9.59999999999999964
580	14	10	10
581	1	13	9.59999999999999964
582	24	14	10
583	5	15	9.19999999999999929
584	2	17	10
585	28	8	9.19999999999999929
586	8	5	8
587	29	8	10
588	25	18	9.59999999999999964
589	23	2	8
590	25	11	7.59999999999999964
591	8	8	8
592	11	17	10
593	2	16	9.59999999999999964
594	12	16	8.40000000000000036
595	11	10	9.59999999999999964
596	14	2	9.59999999999999964
597	6	15	9.19999999999999929
598	7	5	9.59999999999999964
599	4	11	8.40000000000000036
600	2	18	10
601	25	5	9.59999999999999964
602	28	3	10
603	14	5	10
604	5	14	10
605	8	17	8.40000000000000036
\.


--
-- Data for Name: rooms; Type: TABLE DATA; Schema: public; Owner: staycation
--

COPY public.rooms (id, name, hotel_id) FROM stdin;
40	Superior Double Room	8
34	Suite	6
80	Deluxe Double Room	17
49	Prestige Double Room	10
44	Suite	8
29	Executive Double Room	7
1	Classic Double Room	1
52	Deluxe Double Room	9
32	Prestige Double Room	7
50	Classic Double Room	9
8	Suite	1
15	Suite	3
42	Junior Suite	8
43	Junior Suite	8
27	Classic Double Room	7
35	Suite	6
36	Suite	6
348	Superior Double Room	14
28	Superior Double Room	7
60	Prestige Double Room	12
7	Deluxe Double Room	1
23	Suite	4
41	Deluxe Double Room	8
5	Superior Double Room	1
6	Superior Double Room	1
22	Suite	4
24	Penthouse	4
38	Superior Double Room	5
33	Classic Double Room	6
19	Studio	4
73	Deluxe Double Room	15
16	Classic Double Room	4
21	Studio	4
458	Classic Double Room	4
18	Superior Double Room	4
37	Classic Double Room	5
3	Deluxe Double Room	2
69	Junior Suite	16
459	Superior Double Room	4
48	Superior Double Room	10
47	Deluxe Double Room	10
74	Junior Suite	15
70	Duplex	16
71	Duplex	16
45	Suite	8
46	Suite	8
63	Deluxe Double Room	14
65	Deluxe Double Room	16
66	Deluxe Double Room	16
58	Superior Double Room	9
64	Superior Double Room	16
95	Executive Double Room	20
75	Suite	15
51	Superior Double Room	9
53	Junior Suite	9
81	Junior Suite	17
76	Classic Double Room	17
62	Superior Double Room	14
78	Superior Double Room	17
56	Junior Suite	9
72	Superior Double Room	15
55	Deluxe Double Room	11
59	Junior Suite	12
13	Superior Double Room	3
100	Deluxe Double Room	22
39	Deluxe Double Room	5
77	Classic Double Room	17
79	Deluxe Double Room	17
54	Superior Double Room	11
84	Superior Double Room	18
98	Junior Suite	21
121	Suite	27
118	Junior Suite	28
108	Junior Suite	25
120	Suite	28
124	Executive Double Room	29
110	Classic Double Room	24
87	Superior Double Room	19
12	Classic Double Room	3
92	Classic Double Room	20
88	Deluxe Double Room	19
91	Suite	19
116	Superior Double Room	28
94	Executive Double Room	20
96	Loft	20
90	Junior Suite	19
104	Deluxe Double Room	23
109	Prestige Double Room	25
112	Junior Suite	24
85	Deluxe Double Room	18
126	Penthouse	30
99	Deluxe Double Room	22
111	Deluxe Double Room	24
97	Superior Double Room	21
101	Deluxe Double Room	22
93	Classic Double Room	20
102	Deluxe Double Room	22
103	Classic Double Room	22
117	Deluxe Double Room	28
166	Superior Double Room	13
167	Junior Suite	13
114	Junior Suite	26
122	Deluxe Double Room	29
168	Suite	13
107	Deluxe Double Room	25
125	Prestige Double Room	29
165	Classic Double Room	13
113	Suite	24
123	Superior Double Room	29
119	Suite	28
105	Suite	23
115	Classic Double Room	28
4	Suite	2
347	Classic Double Room	14
451	Junior Suite	16
61	Classic Double Room	14
89	Executive Double Room	19
2	Classic Double Room	2
435	Deluxe Double Room	26
106	Suite	23
281	Deluxe Double Room	21
270	Superior Double Room	12
349	Deluxe Double Room	14
57	Classic Double Room	9
852	Classic Double Room	6
\.


--
-- Data for Name: sale_dates; Type: TABLE DATA; Schema: public; Owner: staycation
--

COPY public.sale_dates (id, start_date, end_date, bookable_days) FROM stdin;
78	2019-11-27 08:00:00	2019-12-01 19:00:00	{2019-11-29,2019-11-30,2019-12-01}
81	2019-12-18 08:00:00	2019-12-31 17:00:00	{2019-12-18,2019-12-19,2019-12-20,2019-12-21,2019-12-22,2019-12-23,2019-12-24,2019-12-25,2019-12-26,2019-12-27,2019-12-28,2019-12-29,2019-12-30,2019-12-31}
86	2020-01-22 08:00:00	2020-01-26 22:00:00	{2020-01-23,2020-01-24,2020-01-25,2020-01-26,2020-01-27,2020-02-14}
90	2020-02-19 08:00:00	2020-02-23 22:00:00	{2020-02-21,2020-02-22,2020-02-23,2020-02-24}
87	2020-01-29 08:00:00	2020-02-02 22:00:00	{2020-01-30,2020-01-31,2020-02-01,2020-02-02,2020-02-03,2020-02-14}
88	2020-02-05 08:00:00	2020-02-09 22:00:00	{2020-02-06,2020-02-07,2020-02-08,2020-02-09,2020-02-10,2020-02-14}
83	2020-01-01 08:00:00	2020-01-05 22:00:00	{2020-01-01,2020-01-02,2020-01-03,2020-01-04,2020-01-05,2020-01-06}
85	2020-01-15 08:00:00	2020-01-19 22:00:00	{2020-01-16,2020-01-17,2020-01-18,2020-01-19,2020-01-20}
84	2020-01-08 08:00:00	2020-01-12 22:00:00	{2020-01-09,2020-01-10,2020-01-11,2020-01-12,2020-01-13}
89	2020-02-12 08:00:00	2020-02-16 22:00:00	{2020-02-14,2020-02-15,2020-02-16,2020-02-17}
79	2019-12-04 08:00:00	2019-12-08 19:00:00	{2019-12-04,2019-12-05,2019-12-06,2019-12-07,2019-12-08,2019-12-09}
80	2019-12-11 08:00:00	2019-12-15 22:00:00	{2019-12-12,2019-12-13,2019-12-14,2019-12-15,2019-12-16,2019-12-31}
\.


--
-- Data for Name: users; Type: TABLE DATA; Schema: public; Owner: staycation
--

COPY public.users (id, first_name) FROM stdin;
1	Didier
2	Robert
3	Mathieu
4	Camille
5	Baptiste
6	Julia
7	Camille
8	Antoine
9	Lenaïg
10	Eugénie
11	Kevin
12	Maxime
13	Mathieu
14	Rodolphe
15	Mel
16	Pierrick 
17	Carolina
18	Camille
\.


--
-- Name: bookings_id_seq; Type: SEQUENCE SET; Schema: public; Owner: staycation
--

SELECT pg_catalog.setval('public.bookings_id_seq', 1222, true);


--
-- Name: reviews_id_seq; Type: SEQUENCE SET; Schema: public; Owner: staycation
--

SELECT pg_catalog.setval('public.reviews_id_seq', 605, true);


--
-- Name: users_id_seq; Type: SEQUENCE SET; Schema: public; Owner: staycation
--

SELECT pg_catalog.setval('public.users_id_seq', 18, true);


--
-- Name: bookings bookings_pk; Type: CONSTRAINT; Schema: public; Owner: staycation
--

ALTER TABLE ONLY public.bookings
    ADD CONSTRAINT bookings_pk PRIMARY KEY (id);


--
-- Name: hotels hotels_pk; Type: CONSTRAINT; Schema: public; Owner: staycation
--

ALTER TABLE ONLY public.hotels
    ADD CONSTRAINT hotels_pk PRIMARY KEY (id);


--
-- Name: openings openings_pk; Type: CONSTRAINT; Schema: public; Owner: staycation
--

ALTER TABLE ONLY public.openings
    ADD CONSTRAINT openings_pk PRIMARY KEY (id);


--
-- Name: reviews reviews_pk; Type: CONSTRAINT; Schema: public; Owner: staycation
--

ALTER TABLE ONLY public.reviews
    ADD CONSTRAINT reviews_pk PRIMARY KEY (id);


--
-- Name: rooms rooms_pkey; Type: CONSTRAINT; Schema: public; Owner: staycation
--

ALTER TABLE ONLY public.rooms
    ADD CONSTRAINT rooms_pkey PRIMARY KEY (id);


--
-- Name: sale_dates sale_dates_pk; Type: CONSTRAINT; Schema: public; Owner: staycation
--

ALTER TABLE ONLY public.sale_dates
    ADD CONSTRAINT sale_dates_pk PRIMARY KEY (id);


--
-- Name: users users_pk; Type: CONSTRAINT; Schema: public; Owner: staycation
--

ALTER TABLE ONLY public.users
    ADD CONSTRAINT users_pk PRIMARY KEY (id);


--
-- Name: bookings_date_index; Type: INDEX; Schema: public; Owner: staycation
--

CREATE INDEX bookings_date_index ON public.bookings USING btree (date);


--
-- Name: bookings bookings_room_id_fkey; Type: FK CONSTRAINT; Schema: public; Owner: staycation
--

ALTER TABLE ONLY public.bookings
    ADD CONSTRAINT bookings_room_id_fkey FOREIGN KEY (room_id) REFERENCES public.rooms(id);


--
-- Name: bookings bookings_user_id_fkey; Type: FK CONSTRAINT; Schema: public; Owner: staycation
--

ALTER TABLE ONLY public.bookings
    ADD CONSTRAINT bookings_user_id_fkey FOREIGN KEY (user_id) REFERENCES public.users(id);


--
-- Name: openings openings_room_id_fkey; Type: FK CONSTRAINT; Schema: public; Owner: staycation
--

ALTER TABLE ONLY public.openings
    ADD CONSTRAINT openings_room_id_fkey FOREIGN KEY (room_id) REFERENCES public.rooms(id);


--
-- Name: openings openings_sale_id_fkey; Type: FK CONSTRAINT; Schema: public; Owner: staycation
--

ALTER TABLE ONLY public.openings
    ADD CONSTRAINT openings_sale_id_fkey FOREIGN KEY (sale_id) REFERENCES public.sale_dates(id);


--
-- Name: reviews reviews_hotel_id_fkey; Type: FK CONSTRAINT; Schema: public; Owner: staycation
--

ALTER TABLE ONLY public.reviews
    ADD CONSTRAINT reviews_hotel_id_fkey FOREIGN KEY (hotel_id) REFERENCES public.hotels(id);


--
-- Name: reviews reviews_user_id_fkey; Type: FK CONSTRAINT; Schema: public; Owner: staycation
--

ALTER TABLE ONLY public.reviews
    ADD CONSTRAINT reviews_user_id_fkey FOREIGN KEY (user_id) REFERENCES public.users(id);


--
-- Name: rooms rooms_hotel_id_fkey; Type: FK CONSTRAINT; Schema: public; Owner: staycation
--

ALTER TABLE ONLY public.rooms
    ADD CONSTRAINT rooms_hotel_id_fkey FOREIGN KEY (hotel_id) REFERENCES public.hotels(id);


--
-- PostgreSQL database dump complete
--

